Player,Team,Pos,Age,G,FG,FGA,3P,3PA,3P%,2P%,FT%,ORB,DRB,REB,AST,STL,BLK,TOV,PTS
A.J. Green,MIL,SG,24.0,46.0,1.5,3.6,1.2,3.0,0.414,0.485,0.948,0.2,1.0,1.2,0.6,0.2,0.0,0.2,4.4
A.J. Lawson,"DAL, 2TM, MIN",SG,22.0,18.0,1.3,2.5,0.4,1.2,0.265,0.705,0.288,0.3,1.0,1.2,0.2,0.1,0.0,0.2,3.2
AJ Griffin,ATL,SF,20.0,46.0,2.2,5.2,1.0,2.8,0.323,0.442,0.947,0.3,1.2,1.5,0.6,0.4,0.2,0.5,5.6
Aaron Gordon,"DEN, 2TM, ORL",PF,26.0,53.0,5.2,10.3,1.0,3.1,0.325,0.578,0.666,1.8,4.1,6.0,3.1,0.7,0.7,1.7,13.7
Aaron Henry,PHI,SF,22.0,6.0,0.2,0.8,0.0,0.2,0.0,0.25,0.0,0.0,0.2,0.2,0.0,0.0,0.3,0.3,0.3
Aaron Holiday,"IND, HOU, 2TM, PHO, ATL, WAS",PG,25.0,56.0,2.3,5.3,0.8,2.0,0.388,0.456,0.865,0.4,1.3,1.7,2.1,0.6,0.1,1.0,6.1
Aaron Nesmith,"BOS, IND",SF,22.0,61.0,2.8,6.1,1.2,3.4,0.356,0.558,0.803,0.6,2.4,3.0,0.9,0.6,0.4,0.8,7.7
Aaron Wiggins,OKC,SG,24.0,66.0,2.8,5.6,0.8,2.0,0.396,0.581,0.783,0.9,2.0,3.0,1.2,0.6,0.2,0.9,7.3
Abdel Nader,PHO,SF,28.0,19.0,1.6,3.6,0.6,1.4,0.352,0.458,0.678,0.3,2.0,2.2,0.6,0.5,0.4,0.8,4.6
Adam Flagler,OKC,SG,24.0,2.0,0.5,3.5,0.5,3.0,0.167,0.0,0.0,0.0,0.0,0.0,2.0,0.0,0.0,0.0,1.5
Adam Mokoka,CHI,SG,22.0,14.0,0.5,1.4,0.1,0.7,0.1,0.667,0.0,0.1,0.3,0.4,0.4,0.1,0.1,0.4,1.1
Adama Sanogo,CHI,PF,21.0,9.0,1.6,3.0,0.0,0.0,0.0,0.519,0.667,2.1,1.9,4.0,0.0,0.1,0.0,0.6,4.0
Ade Murkey,SAC,SG,24.0,1.0,0.0,0.0,0.0,0.0,0.0,0.0,0.0,0.0,0.0,0.0,0.0,0.0,0.0,0.0,0.0
Admiral Schofield,ORL,"SF, PF",25.0,33.0,1.1,2.6,0.5,1.6,0.343,0.535,0.571,0.4,1.2,1.6,0.6,0.1,0.1,0.4,3.0
Ahmad Caver,IND,SG,25.0,1.0,1.0,1.0,0.0,0.0,0.0,1.0,0.0,0.0,0.0,0.0,0.0,0.0,0.0,0.0,2.0
Al Horford,"BOS, OKC",C,36.0,56.0,4.2,8.8,1.8,4.6,0.392,0.572,0.81,1.3,5.5,6.8,3.1,0.7,1.0,0.8,10.7
Al-Farouq Aminu,"CHI, 2TM, ORL",PF,30.0,15.0,1.4,3.7,0.3,1.5,0.203,0.411,0.814,0.8,3.6,4.5,1.1,0.7,0.3,1.1,3.8
Alec Burks,"NYK, DET, 2TM",SG,31.0,52.0,3.5,8.9,1.9,4.8,0.385,0.386,0.832,0.4,2.8,3.2,1.9,0.6,0.2,0.9,11.1
Aleem Ford,ORL,SF,24.0,5.0,1.2,4.0,0.4,3.0,0.133,0.8,0.0,0.4,2.6,3.0,0.4,0.2,0.0,0.8,2.8
Aleksej Pokusevski,"2TM, OKC, CHO",PF,21.0,33.0,2.3,5.9,0.8,2.7,0.301,0.455,0.676,0.8,3.1,3.9,1.6,0.5,0.7,1.2,6.3
Alen Smailagić,GSW,PF,20.0,15.0,0.7,1.8,0.3,0.7,0.4,0.412,0.333,0.4,0.7,1.1,0.3,0.2,0.3,0.3,1.9
Alex Caruso,"LAL, CHI","SG, PG",28.0,59.0,2.6,5.8,1.2,3.1,0.376,0.511,0.752,0.7,2.6,3.3,3.3,1.5,0.6,1.3,7.4
Alex Fudge,"LAL, 2TM, DAL",SF,20.0,4.0,1.3,2.8,0.2,0.9,0.178,0.472,0.667,0.7,0.2,0.9,0.0,0.7,0.0,0.4,3.0
Alex Len,"SAC, TOR, WAS, 2TM",C,28.0,40.0,1.7,3.0,0.1,0.4,0.228,0.595,0.615,1.0,2.2,3.2,0.8,0.2,0.8,0.8,4.4
Alfonzo McKinnie,"LAL, CHI",SF,28.0,28.0,1.3,3.0,0.4,1.3,0.372,0.517,0.403,0.7,1.0,1.6,0.2,0.2,0.1,0.2,3.3
Alize Johnson,"SAS, WAS, BRK, NOP, 3TM, CHI",PF,25.0,11.0,1.0,2.2,0.0,0.3,0.028,0.539,0.567,1.3,2.0,3.3,0.4,0.2,0.0,0.6,2.4
Alondes Williams,"MIA, BRK",SG,24.0,4.0,0.2,0.6,0.0,0.3,0.0,0.25,0.5,0.0,0.6,0.6,0.0,0.0,0.0,1.2,0.4
Alperen Şengün,HOU,C,20.0,70.0,5.9,11.2,0.4,1.4,0.293,0.559,0.706,2.7,5.2,7.9,3.8,1.0,0.8,2.4,15.2
Amari Bailey,CHO,PG,19.0,10.0,0.8,2.4,0.1,0.8,0.125,0.438,0.857,0.6,0.3,0.9,0.7,0.3,0.0,0.4,2.3
Amen Thompson,HOU,SF,21.0,62.0,3.9,7.2,0.1,0.9,0.138,0.595,0.684,2.4,4.2,6.6,2.6,1.3,0.6,1.5,9.5
Amida Brimah,IND,C,26.0,5.0,1.0,1.6,0.0,0.0,0.0,0.625,1.0,0.4,1.2,1.6,0.2,0.0,1.0,0.8,2.6
Amir Coffey,LAC,"SF, SG",24.0,58.0,1.9,4.2,0.8,2.1,0.361,0.502,0.803,0.3,1.4,1.8,1.1,0.4,0.1,0.5,5.6
Anderson Varejão,CLE,C,38.0,5.0,0.8,3.2,0.0,0.2,0.0,0.267,0.556,1.4,2.6,4.0,0.6,0.0,0.4,0.2,2.6
Andre Drummond,"PHI, 2TM, BRK, LAL, CLE, CHI",C,28.0,48.0,4.4,8.2,0.0,0.1,0.0,0.552,0.563,3.2,6.7,10.0,1.5,1.1,0.9,1.8,10.6
Andre Iguodala,"MIA, GSW","SF, PF",38.0,34.0,1.3,3.2,0.5,2.1,0.224,0.716,0.692,0.6,2.4,2.9,2.8,0.8,0.6,1.0,3.5
Andre Jackson Jr.,MIL,SG,22.0,57.0,0.9,1.8,0.3,0.8,0.37,0.611,0.727,0.8,1.2,2.0,0.9,0.3,0.1,0.5,2.2
Andre Roberson,BRK,SG,29.0,5.0,0.4,2.8,0.2,1.6,0.125,0.167,0.5,1.4,1.6,3.0,0.8,0.6,0.2,0.4,1.2
Andrew Funk,CHI,SG,24.0,5.0,0.0,0.8,0.0,0.6,0.0,0.0,0.0,0.0,0.0,0.0,0.0,0.2,0.2,0.0,0.0
Andrew Nembhard,IND,"SG, PG",24.0,72.0,3.8,8.2,1.0,3.0,0.354,0.536,0.797,0.5,1.8,2.4,4.3,0.9,0.2,1.6,9.4
Andrew Wiggins,GSW,"SF, PF",26.0,63.0,6.4,13.6,2.0,5.1,0.382,0.518,0.678,1.4,3.4,4.7,2.2,0.9,0.8,1.4,16.5
Anfernee Simons,POR,SG,22.0,57.0,6.0,13.8,3.0,7.5,0.398,0.473,0.876,0.4,2.4,2.8,3.7,0.5,0.1,1.9,17.2
Anthony Black,ORL,PG,20.0,69.0,1.7,3.6,0.5,1.4,0.394,0.51,0.613,0.5,1.5,2.0,1.3,0.5,0.3,0.8,4.6
Anthony Davis,LAL,"PF, C",28.0,52.0,9.2,17.1,0.4,1.8,0.244,0.57,0.763,2.8,8.0,10.7,3.1,1.2,2.0,2.1,23.9
Anthony Edwards,MIN,SG,20.0,76.0,8.2,18.3,2.6,7.4,0.353,0.508,0.788,0.8,4.4,5.2,4.0,1.4,0.6,2.8,22.8
Anthony Gill,WAS,PF,30.0,45.0,1.3,2.6,0.2,0.7,0.303,0.603,0.79,0.7,1.2,1.9,0.6,0.2,0.2,0.4,3.6
Anthony Lamb,"HOU, SAS, GSW",SF,24.0,29.0,1.4,3.7,0.7,2.4,0.23,0.38,0.541,0.7,1.6,2.3,1.2,0.3,0.2,0.6,4.1
Anthony Tolliver,PHI,PF,35.0,11.0,0.4,1.5,0.4,1.3,0.286,0.0,0.833,0.3,0.6,0.9,0.2,0.3,0.2,0.3,1.5
Anžejs Pasečņiks,WAS,C,25.0,1.0,0.0,1.0,0.0,1.0,0.0,0.0,0.0,1.0,0.0,1.0,1.0,0.0,0.0,5.0,0.0
Armoni Brooks,"HOU, TOR, BRK, 2TM","SG, PG",23.0,28.0,2.0,5.7,1.6,4.7,0.32,0.501,0.756,0.5,1.7,2.2,1.1,0.4,0.2,0.6,5.9
Arnoldas Kulboka,CHO,SF,24.0,2.0,0.0,0.5,0.0,0.5,0.0,0.0,0.0,0.0,0.0,0.0,0.0,0.0,0.0,0.0,0.0
Aron Baynes,TOR,C,34.0,53.0,2.5,5.7,0.5,1.9,0.262,0.532,0.707,1.6,3.5,5.2,0.9,0.3,0.4,0.9,6.1
Ashton Hagans,"POR, MIN",PG,22.0,10.0,0.8,1.8,0.2,0.6,0.16,0.228,0.412,0.4,0.8,1.2,1.4,0.3,0.2,1.0,2.1
Ausar Thompson,DET,SF,21.0,63.0,3.7,7.6,0.3,1.8,0.186,0.575,0.597,2.0,4.3,6.4,1.9,1.1,0.9,1.3,8.8
Austin Reaves,LAL,SG,24.0,69.0,4.0,8.1,1.4,3.7,0.361,0.61,0.852,0.6,2.8,3.5,3.6,0.6,0.3,1.4,12.1
Austin Rivers,"DEN, NYK, 2TM, MIN",SG,29.0,38.0,2.6,5.9,1.3,3.7,0.36,0.53,0.725,0.2,1.8,2.0,1.9,0.8,0.1,0.8,7.0
Avery Bradley,"MIA, HOU, LAL, 2TM",SG,30.0,29.0,2.4,6.2,1.3,3.6,0.352,0.458,0.825,0.4,1.8,2.1,1.4,0.8,0.1,0.9,6.6
Axel Toupane,MIL,SF,28.0,8.0,0.5,1.4,0.1,0.3,0.5,0.333,0.714,0.0,0.8,0.8,0.5,0.3,0.4,0.0,1.8
Ayo Dosunmu,CHI,SG,23.0,78.0,3.9,7.8,1.1,2.9,0.364,0.582,0.765,0.6,2.2,2.8,3.0,0.8,0.4,1.3,9.9
B.J. Johnson,ORL,SF,26.0,4.0,2.8,6.3,1.0,2.5,0.4,0.467,0.0,1.5,2.3,3.8,0.0,0.0,0.3,0.0,6.5
Bam Adebayo,MIA,C,24.0,66.0,7.5,13.7,0.0,0.2,0.172,0.552,0.778,2.3,7.3,9.7,4.0,1.2,0.9,2.5,19.4
Ben McLemore,"HOU, LAL, POR, 2TM",SG,27.0,42.0,2.8,7.2,2.0,5.6,0.352,0.473,0.759,0.2,1.5,1.8,0.8,0.4,0.2,0.8,8.3
Ben Sheppard,IND,SG,22.0,57.0,1.6,4.0,0.9,2.7,0.314,0.562,0.885,0.3,1.3,1.6,0.9,0.6,0.0,0.3,4.4
Ben Simmons,"BRK, PHI",PG,26.0,38.0,3.9,6.9,0.0,0.1,0.1,0.571,0.484,1.6,5.6,7.1,6.2,1.2,0.6,2.4,9.1
Bennedict Mathurin,IND,"SF, SG",20.0,68.0,5.2,11.7,1.4,3.8,0.349,0.484,0.824,1.0,3.0,4.0,1.8,0.6,0.2,1.8,15.6
Bilal Coulibaly,WAS,SF,19.0,63.0,3.0,6.9,1.0,2.9,0.346,0.502,0.702,0.9,3.2,4.1,1.7,0.9,0.8,1.4,8.4
Bismack Biyombo,"2TM, PHO, MEM, OKC, CHO",C,30.0,40.0,1.9,3.3,0.0,0.0,0.0,0.578,0.466,1.6,3.1,4.6,1.0,0.3,0.9,0.9,4.4
Blake Griffin,"BOS, BRK, DET, 2TM","PF, C",32.0,38.0,3.1,7.2,1.2,3.6,0.33,0.54,0.723,0.9,3.6,4.5,2.5,0.6,0.3,1.0,8.8
Blake Wesley,SAS,SG,20.0,49.0,1.8,4.6,0.4,1.2,0.302,0.432,0.629,0.3,1.5,1.8,2.7,0.6,0.1,1.4,4.7
Boban Marjanović,"HOU, DAL",C,34.0,25.0,1.6,2.8,0.0,0.1,0.094,0.603,0.698,0.7,1.7,2.4,0.3,0.1,0.1,0.5,3.9
Bobby Portis,MIL,"PF, C",26.0,72.0,5.5,11.0,1.4,3.4,0.41,0.544,0.762,2.1,6.2,8.3,1.3,0.7,0.4,1.1,13.5
Bogdan Bogdanović,ATL,SG,30.0,60.0,5.6,12.6,2.9,7.4,0.396,0.512,0.876,0.5,3.0,3.5,3.1,1.0,0.3,1.2,15.6
Bojan Bogdanović,"NYK, UTA, DET, 2TM","SF, PF",33.0,52.0,5.9,12.8,2.4,6.1,0.395,0.511,0.831,0.5,2.8,3.4,1.9,0.5,0.1,1.9,17.1
Bol Bol,"DEN, PHO, ORL",PF,22.0,40.0,2.0,3.5,0.3,1.0,0.328,0.607,0.654,0.5,2.3,2.8,0.5,0.2,0.5,0.7,4.7
Bones Hyland,"DEN, LAC, 2TM","SG, PG",22.0,44.0,3.6,9.1,1.9,5.1,0.358,0.448,0.82,0.3,2.1,2.4,3.0,0.7,0.2,1.3,10.3
Brad Wanamaker,"IND, 2TM, GSW, WAS, CHO",PG,32.0,28.0,1.7,4.4,0.2,0.9,0.166,0.432,0.917,0.3,1.8,2.1,3.4,0.8,0.2,0.9,5.2
Bradley Beal,"WAS, PHO",SG,28.0,51.0,9.0,18.4,1.8,5.1,0.361,0.537,0.844,1.0,3.4,4.4,5.4,1.0,0.5,3.0,24.0
Brandin Podziemski,GSW,SG,20.0,74.0,3.7,8.1,1.2,3.2,0.385,0.499,0.633,1.6,4.2,5.8,3.7,0.8,0.2,1.2,9.2
Brandon Boston Jr.,LAC,"SF, SG",21.0,35.0,2.3,5.6,0.5,1.7,0.33,0.437,0.76,0.4,1.3,1.7,0.8,0.4,0.2,0.6,6.1
Brandon Clarke,MEM,PF,26.0,46.0,4.6,7.8,0.2,0.7,0.205,0.625,0.552,1.9,3.6,5.4,1.4,0.8,0.9,0.6,10.5
Brandon Goodwin,"ATL, CLE",PG,26.0,42.0,1.8,4.5,0.6,1.8,0.328,0.444,0.642,0.3,1.4,1.7,2.2,0.6,0.0,0.9,4.8
Brandon Ingram,NOP,SF,24.0,56.0,8.4,17.6,1.6,4.4,0.363,0.513,0.847,0.6,4.7,5.3,5.5,0.7,0.5,2.8,23.0
Brandon Knight,DAL,PG,30.0,5.0,2.0,5.0,0.8,3.4,0.235,0.75,1.0,0.0,1.6,1.6,1.6,0.2,0.0,0.8,6.4
Brandon Miller,CHO,SF,21.0,74.0,6.4,14.6,2.5,6.7,0.373,0.495,0.827,0.8,3.4,4.3,2.4,0.9,0.6,1.8,17.3
Brandon Williams,"DAL, POR",PG,23.0,20.0,2.8,7.5,0.8,2.7,0.246,0.428,0.674,0.5,1.4,2.0,2.4,0.6,0.2,1.4,8.0
Braxton Key,"DEN, PHI, DET, 2TM",SF,25.0,9.0,1.6,3.3,0.3,1.0,0.197,0.693,0.565,0.6,1.8,2.4,0.6,0.5,0.5,0.6,3.8
Brian Bowen,IND,SF,22.0,6.0,0.2,0.7,0.0,0.2,0.0,0.333,1.0,0.0,0.5,0.5,0.0,0.0,0.0,0.0,0.5
Brice Sensabaugh,UTA,SF,20.0,32.0,2.7,6.8,1.1,3.6,0.296,0.495,0.902,0.5,2.7,3.2,1.7,0.4,0.2,1.5,7.5
Brodric Thomas,"HOU, CLE, 2TM, BOS",SG,24.0,19.0,0.9,2.6,0.4,1.5,0.236,0.649,0.664,0.3,1.1,1.3,0.9,0.4,0.2,0.7,3.1
Brook Lopez,MIL,C,34.0,60.0,5.0,10.1,1.6,4.5,0.359,0.607,0.83,1.6,3.6,5.2,1.0,0.6,1.9,1.0,13.3
Bruce Brown,"IND, 2TM, BRK, DEN, TOR","SF, SG, PG",26.0,58.0,4.0,8.2,0.7,2.1,0.336,0.549,0.788,1.0,3.4,4.5,2.6,1.0,0.4,1.2,10.3
Bruno Caboclo,HOU,PF,25.0,6.0,1.3,2.8,0.0,0.8,0.0,0.667,0.5,0.5,1.8,2.3,0.2,0.0,0.3,0.7,2.8
Bruno Fernando,"BOS, HOU, ATL, 2TM",C,24.0,27.0,1.5,2.6,0.0,0.1,0.188,0.578,0.696,1.0,1.9,2.8,0.5,0.2,0.6,0.6,3.8
Bryce McGowens,CHO,SG,20.0,52.0,1.7,4.2,0.6,1.7,0.329,0.483,0.763,0.4,1.5,1.8,1.0,0.4,0.2,0.7,5.2
Bryn Forbes,"SAS, 2TM, MIL, MIN, DEN",SG,28.0,49.0,2.8,6.5,1.5,3.7,0.399,0.456,0.899,0.2,1.0,1.2,0.9,0.3,0.1,0.7,8.0
Buddy Boeheim,DET,SF,24.0,10.0,0.7,2.8,0.6,2.5,0.24,0.375,0.9,0.2,0.6,0.8,0.4,0.1,0.0,0.0,2.5
Buddy Hield,"IND, 2TM, PHI, SAC","SF, SG",30.0,60.0,5.3,12.4,3.1,8.2,0.384,0.502,0.869,0.7,3.4,4.1,3.0,0.9,0.4,1.6,14.7
C.J. Miles,BOS,SG,34.0,1.0,0.0,0.0,0.0,0.0,0.0,0.0,0.0,0.0,0.0,0.0,0.0,0.0,0.0,0.0,0.0
CJ Elleby,POR,SF,20.0,44.0,1.5,3.8,0.4,1.6,0.25,0.512,0.724,0.8,1.8,2.5,0.9,0.4,0.2,0.6,4.0
CJ McCollum,"POR, 2TM, NOP","SG, PG",30.0,52.0,8.3,18.2,3.1,7.8,0.398,0.501,0.744,0.7,3.5,4.3,5.1,1.0,0.4,1.9,21.8
Cade Cunningham,DET,"SG, PG",21.0,46.0,7.7,17.9,1.7,5.4,0.316,0.475,0.85,0.8,4.5,5.3,6.4,1.0,0.6,3.5,20.0
Caleb Houstan,ORL,SF,20.0,55.0,1.4,3.6,1.0,3.0,0.356,0.525,0.82,0.6,1.1,1.6,0.6,0.2,0.1,0.4,4.0
Caleb Martin,"MIA, CHO",SF,26.0,62.0,3.2,7.0,1.0,3.0,0.341,0.524,0.747,1.0,2.9,3.9,1.6,0.8,0.4,1.0,8.4
Cam Reddish,"2TM, POR, LAL, NYK, ATL",SF,22.0,32.0,3.2,7.6,1.1,3.5,0.316,0.499,0.856,0.5,1.8,2.4,1.2,1.0,0.3,1.1,9.2
Cam Thomas,BRK,SG,21.0,63.0,4.9,11.2,1.3,3.6,0.339,0.488,0.851,0.2,2.2,2.4,1.8,0.5,0.1,1.3,13.9
Cam Whitmore,HOU,SF,19.0,47.0,4.5,9.9,1.7,4.7,0.359,0.538,0.679,0.9,2.9,3.8,0.7,0.6,0.4,1.0,12.3
Cameron Johnson,"BRK, PHO, 2TM",PF,26.0,45.0,4.7,10.2,2.4,6.0,0.399,0.54,0.834,0.8,3.4,4.1,1.8,1.0,0.3,0.8,13.6
Cameron McGriff,POR,SF,24.0,3.0,1.7,4.7,0.7,2.0,0.333,0.375,1.0,2.0,3.0,5.0,1.0,0.0,0.3,0.0,4.7
Cameron Oliver,"HOU, ATL",SF,24.0,3.0,4.9,7.9,0.8,2.4,0.32,0.75,0.458,1.2,3.0,4.2,1.4,0.5,0.8,0.4,11.2
Cameron Payne,"MIL, PHI, PHO, 2TM",PG,28.0,54.0,3.2,7.6,1.3,3.5,0.386,0.48,0.854,0.3,1.7,2.0,3.5,0.6,0.2,1.2,8.7
Cameron Reynolds,"SAS, HOU, 2TM",SF,25.0,3.0,1.3,4.1,0.7,2.8,0.167,0.5,0.0,0.5,0.7,1.2,0.5,0.0,0.0,0.0,3.4
Caris LeVert,"IND, CLE, BRK, 2TM",SG,27.0,44.0,6.4,14.6,1.6,4.8,0.333,0.488,0.768,0.7,3.3,4.0,4.7,1.1,0.5,1.9,16.8
Carlik Jones,"DEN, DAL, CHI, 2TM",PG,24.0,4.0,0.4,1.8,0.1,0.4,0.125,0.24,0.656,0.2,0.4,0.6,0.9,0.2,0.0,0.5,1.4
Carmelo Anthony,"LAL, POR",PF,36.0,69.0,4.6,10.9,2.0,5.2,0.392,0.475,0.86,0.7,3.0,3.6,1.2,0.7,0.7,0.9,13.4
Carsen Edwards,"BOS, DET",SG,22.0,18.0,1.9,5.6,0.8,3.0,0.268,0.48,0.923,0.3,0.8,1.2,2.0,0.4,0.0,0.8,4.9
Cason Wallace,OKC,SG,20.0,82.0,2.6,5.4,1.2,2.9,0.419,0.572,0.784,0.6,1.6,2.3,1.5,0.9,0.5,0.5,6.8
Cassius Stanley,"IND, DET",SG,22.0,16.0,1.3,3.4,0.2,1.2,0.233,0.425,0.889,0.4,1.0,1.5,0.2,0.3,0.2,0.4,3.6
Cassius Winston,WAS,PG,22.0,14.0,0.6,1.6,0.4,0.8,0.402,0.388,0.916,0.0,0.2,0.2,0.8,0.0,0.0,0.3,2.0
Cat Barber,ATL,PG,27.0,3.0,0.0,1.3,0.0,0.0,0.0,0.0,0.0,0.3,0.7,1.0,1.0,0.0,0.0,0.3,0.0
Cedi Osman,"SAS, CLE",SF,26.0,68.0,3.3,7.7,1.6,4.5,0.356,0.546,0.708,0.4,2.2,2.6,2.0,0.7,0.2,1.0,9.2
Chance Comanche,POR,C,26.0,1.0,3.0,5.0,0.0,0.0,0.0,0.6,0.25,2.0,1.0,3.0,0.0,0.0,1.0,0.0,7.0
Chandler Hutchison,"CHI, WAS, 2TM, PHO",SF,24.0,14.0,1.1,2.9,0.2,0.6,0.266,0.39,0.916,0.2,2.3,2.5,0.6,0.3,0.1,0.8,3.0
Charles Bassey,"SAS, PHI",C,22.0,26.0,1.8,2.7,0.0,0.2,0.125,0.701,0.726,1.4,2.6,4.1,0.9,0.4,0.8,0.8,4.0
Charlie Brown Jr.,"PHI, 2TM, NYK, OKC, DAL",SG,24.0,12.0,0.6,2.3,0.2,1.0,0.144,0.303,0.54,0.3,0.7,1.1,0.4,0.4,0.2,0.3,1.8
Chasson Randle,ORL,PG,27.0,41.0,2.2,5.8,1.1,3.2,0.338,0.449,0.792,0.2,1.8,2.0,1.8,0.5,0.1,1.1,6.5
Chaundee Brown Jr.,"LAL, ATL, 2TM","SF, SG",23.0,3.0,1.8,6.1,1.1,3.4,0.244,0.279,0.555,0.2,2.8,3.0,0.7,0.4,0.0,0.2,5.6
Cheick Diallo,DET,C,25.0,3.0,1.0,2.7,0.0,0.0,0.0,0.375,0.833,1.3,2.7,4.0,0.0,0.3,0.0,0.3,3.7
Chet Holmgren,OKC,C,21.0,82.0,6.2,11.6,1.6,4.3,0.37,0.623,0.793,1.6,6.3,7.9,2.4,0.6,2.3,1.6,16.5
Chima Moneke,SAC,SF,27.0,2.0,0.5,1.0,0.0,0.0,0.0,0.5,0.0,1.0,0.0,1.0,0.5,0.0,0.0,1.0,1.0
Chimezie Metu,"2TM, DET, PHO, SAC","PF, C",25.0,44.0,2.7,5.4,0.5,1.8,0.298,0.611,0.83,0.8,3.3,4.1,1.0,0.8,0.4,1.0,7.0
Chris Boucher,TOR,"SF, PF, C",30.0,66.0,3.4,7.0,1.0,2.8,0.334,0.603,0.775,1.9,3.8,5.6,0.6,0.5,1.0,0.6,9.7
Chris Chiozza,"GSW, BRK",PG,26.0,28.0,1.0,3.2,0.6,1.8,0.316,0.32,0.716,0.2,0.9,1.1,2.4,0.4,0.2,0.8,3.0
Chris Duarte,"IND, SAC","SF, SG",25.0,53.0,3.0,7.4,1.2,3.5,0.344,0.446,0.813,0.5,2.3,2.8,1.4,0.7,0.2,1.0,8.3
Chris Livingston,MIL,SF,20.0,21.0,0.5,1.0,0.0,0.2,0.2,0.588,0.75,0.1,0.9,1.0,0.2,0.1,0.0,0.2,1.2
Chris Paul,"GSW, PHO",PG,36.0,63.0,5.1,10.8,1.4,3.7,0.364,0.52,0.857,0.4,3.9,4.3,8.8,1.5,0.3,2.0,13.6
Chris Silva,"2TM, MIA, MIN, DAL, SAC",PF,25.0,7.0,0.6,1.0,0.0,0.0,0.286,0.524,0.447,0.5,1.3,1.9,0.3,0.0,0.2,0.6,1.8
Christian Braun,DEN,SG,22.0,79.0,2.3,4.8,0.6,1.6,0.369,0.532,0.66,0.8,2.3,3.0,1.2,0.5,0.3,0.6,6.0
Christian Koloko,TOR,C,22.0,58.0,1.2,2.6,0.0,0.2,0.083,0.514,0.627,1.4,1.5,2.9,0.5,0.4,1.0,0.3,3.1
Christian Wood,"HOU, DAL, LAL","PF, C",26.0,56.0,5.7,11.3,1.5,4.1,0.362,0.583,0.682,1.4,6.6,8.0,1.7,0.6,1.0,1.7,15.6
Chuma Okeke,ORL,"SF, PF",24.0,47.0,2.2,5.6,1.1,3.3,0.312,0.497,0.732,0.8,2.8,3.6,1.4,0.8,0.4,0.6,5.8
Clint Capela,ATL,C,28.0,69.0,5.4,9.0,0.0,0.0,0.0,0.608,0.57,4.3,7.7,12.0,1.0,0.7,1.5,0.9,12.4
Coby White,CHI,"SG, PG",22.0,71.0,5.1,11.8,2.2,6.0,0.373,0.503,0.867,0.4,3.2,3.6,3.9,0.6,0.2,1.6,14.2
Cody Martin,CHO,SF,26.0,40.0,2.4,5.6,0.6,2.1,0.297,0.496,0.615,1.0,2.6,3.6,2.4,0.9,0.4,0.9,6.0
Cody Zeller,"MIA, POR, NOP, CHO",C,30.0,33.0,2.2,3.8,0.0,0.2,0.119,0.566,0.695,1.8,2.8,4.6,1.0,0.3,0.2,0.8,5.7
Colby Jones,SAC,SG,21.0,30.0,0.9,2.4,0.1,0.7,0.091,0.531,0.545,0.6,0.8,1.3,0.7,0.2,0.2,0.3,2.1
Cole Anthony,ORL,PG,22.0,63.0,4.7,11.3,1.4,4.1,0.344,0.462,0.851,0.7,4.0,4.7,4.2,0.7,0.4,2.0,13.4
Cole Swider,"MIA, LAL",SF,24.0,12.0,0.6,1.7,0.5,1.4,0.354,0.312,0.5,0.1,0.6,0.7,0.4,0.0,0.0,0.2,1.8
Colin Castleton,LAL,C,23.0,16.0,0.6,1.0,0.0,0.0,0.0,0.563,1.0,0.4,0.4,0.8,0.2,0.1,0.0,0.2,1.5
Collin Gillespie,DEN,PG,24.0,24.0,1.3,2.9,0.6,1.6,0.395,0.548,0.667,0.0,0.8,0.9,1.1,0.5,0.0,0.6,3.6
Collin Sexton,"UTA, CLE","SG, PG",24.0,49.0,6.6,13.8,1.3,3.8,0.351,0.53,0.809,1.0,1.8,2.8,3.6,0.8,0.1,2.4,18.3
Corey Kispert,WAS,SF,23.0,77.0,3.9,8.2,2.0,5.1,0.386,0.636,0.816,0.5,2.3,2.8,1.4,0.5,0.2,0.8,10.9
Cory Joseph,"SAC, GSW, DET, 2TM",PG,30.0,46.0,2.7,6.0,0.8,2.2,0.359,0.495,0.785,0.4,1.8,2.3,3.4,0.7,0.2,1.1,7.4
Craig Porter Jr.,CLE,PG,23.0,51.0,2.3,4.5,0.2,0.7,0.353,0.536,0.732,0.4,1.7,2.1,2.3,0.4,0.3,0.9,5.6
Craig Sword,WAS,SG,28.0,3.0,1.0,1.3,0.0,0.3,0.0,1.0,0.0,0.0,0.0,0.0,0.3,1.3,0.0,0.3,2.0
Cristiano Felício,CHI,C,28.0,18.0,0.4,0.7,0.0,0.1,0.0,0.636,0.563,0.6,0.9,1.4,0.5,0.2,0.0,0.2,1.3
D'Angelo Russell,"LAL, 2TM, MIN",PG,26.0,54.0,6.4,14.1,2.8,7.2,0.39,0.518,0.806,0.4,2.6,3.0,6.3,1.0,0.4,2.5,18.0
D'Moi Hodge,LAL,SG,25.0,7.0,0.7,2.1,0.4,1.7,0.25,0.667,0.5,0.0,0.0,0.0,0.7,0.1,0.1,0.1,2.0
D.J. Augustin,"HOU, LAL, MIL, 2TM",PG,34.0,37.0,2.1,5.1,1.4,3.4,0.399,0.44,0.91,0.3,1.2,1.5,2.6,0.4,0.0,1.1,6.7
D.J. Carton,TOR,SG,23.0,4.0,0.8,2.0,0.3,1.0,0.25,0.5,0.8,0.5,0.5,1.0,0.8,0.3,0.0,0.3,2.8
D.J. Wilson,"HOU, PHI, 2TM, MIL, TOR",PF,25.0,15.0,2.1,4.1,0.7,1.8,0.408,0.54,0.535,0.5,2.3,2.8,0.8,0.4,0.5,0.4,5.5
DaQuan Jeffries,"HOU, 2TM, MEM, NYK, SAC",SG,24.0,16.0,1.1,2.7,0.4,1.5,0.22,0.656,0.546,0.4,1.3,1.6,0.6,0.3,0.2,0.3,2.8
Daishen Nix,"HOU, MIN","SG, PG",20.0,32.0,1.0,2.9,0.5,1.6,0.303,0.447,0.567,0.2,0.9,1.1,1.5,0.5,0.0,1.0,3.0
Dakota Mathias,"PHI, MEM",SG,26.0,7.0,1.3,3.5,0.6,2.2,0.32,0.25,0.166,0.0,0.6,0.6,0.9,0.2,0.2,0.0,3.5
Dalano Banton,"BOS, TOR, POR, 2TM",PG,23.0,41.0,2.7,6.8,0.8,2.6,0.256,0.481,0.732,0.7,1.9,2.6,1.9,0.5,0.3,1.1,7.4
Dalen Terry,CHI,SG,20.0,48.0,1.0,2.3,0.2,1.0,0.244,0.592,0.624,0.4,1.0,1.4,1.0,0.4,0.2,0.4,2.7
Damian Jones,"2TM, PHO, 3TM, LAL, CLE, UTA, SAC",C,26.0,28.0,1.7,2.5,0.1,0.3,0.257,0.689,0.751,0.9,2.1,3.0,0.6,0.3,0.6,0.6,4.4
Damian Lillard,"MIL, POR",PG,32.0,57.0,8.4,19.3,3.6,10.0,0.36,0.517,0.91,0.6,3.8,4.4,7.3,0.8,0.3,3.0,27.3
Damion Lee,"GSW, PHO",SG,29.0,65.0,2.5,5.7,1.3,3.2,0.393,0.539,0.898,0.4,2.7,3.1,1.2,0.6,0.1,0.7,7.4
Damyean Dotson,"NYK, CLE",SG,26.0,24.0,1.8,4.2,0.5,2.0,0.144,0.606,0.334,0.0,1.4,1.5,1.2,0.2,0.0,0.4,4.4
Daniel Gafford,"DAL, CHI, WAS, 2TM","PF, C",24.0,51.0,3.8,5.4,0.0,0.0,0.0,0.71,0.67,2.2,3.7,5.9,1.0,0.6,1.6,0.9,9.2
Daniel Oturu,"TOR, LAC",C,22.0,16.0,0.8,1.8,0.0,0.2,0.1,0.524,0.675,0.5,1.1,1.6,0.2,0.0,0.4,0.2,2.4
Daniel Theis,"HOU, IND, 2TM, BOS, LAC, CHI",C,29.0,35.0,3.0,6.0,0.6,1.9,0.283,0.595,0.599,1.2,3.0,4.2,1.1,0.4,0.7,0.8,7.5
Danilo Gallinari,"MIL, DET, 3TM, ATL, WAS","SF, PF",34.0,36.0,2.4,5.5,1.1,2.8,0.364,0.517,0.882,0.4,2.5,2.9,1.3,0.4,0.2,0.5,8.2
Danny Green,"CLE, PHI, 2TM, MEM","SF, SG",35.0,26.0,1.8,4.5,1.4,3.5,0.34,0.346,0.594,0.4,1.5,1.9,0.8,0.7,0.4,0.8,5.1
Dante Exum,"DAL, CLE","SG, PG",26.0,30.0,2.3,4.9,0.6,1.9,0.336,0.545,0.64,0.4,2.4,2.8,2.6,0.6,0.2,1.0,5.8
Danuel House Jr.,"HOU, PHI, 3TM, NYK, UTA",SF,28.0,30.0,1.7,4.2,0.8,2.4,0.295,0.434,0.644,0.4,1.8,2.2,1.0,0.4,0.3,0.7,5.0
Dario Šarić,"GSW, PHO, 2TM, OKC","PF, C",28.0,46.0,2.6,5.5,0.9,2.4,0.379,0.53,0.838,0.9,2.9,3.8,1.5,0.5,0.1,1.1,7.3
Dariq Whitehead,BRK,SF,19.0,2.0,0.5,2.5,0.0,1.5,0.0,0.5,0.5,0.0,2.0,2.0,1.5,0.0,0.5,0.0,1.5
Darius Bazley,"PHI, 2TM, PHO, OKC, UTA","PF, C",22.0,28.0,2.4,5.3,0.6,1.9,0.264,0.501,0.569,0.8,3.0,3.8,1.0,0.6,0.7,1.0,6.6
Darius Days,HOU,SF,23.0,4.0,1.3,3.0,0.8,2.5,0.3,1.0,1.0,0.3,1.3,1.5,0.3,0.0,0.3,0.0,3.8
Darius Garland,CLE,PG,22.0,62.0,7.2,15.8,2.3,6.0,0.39,0.496,0.859,0.5,2.3,2.8,7.2,1.2,0.1,3.2,19.7
Darius Miller,OKC,SF,30.0,18.0,1.2,2.7,0.9,2.3,0.405,0.833,1.0,0.1,1.2,1.3,1.2,0.7,0.3,0.4,4.1
Darren Collison,LAL,PG,34.0,3.0,0.7,2.3,0.0,1.0,0.0,0.5,0.0,0.0,1.3,1.3,0.7,0.3,0.0,0.3,1.3
David Duke Jr.,"SAS, BRK","SG, PG",23.0,16.0,2.0,4.3,0.4,1.2,0.275,0.512,0.839,0.8,1.5,2.3,1.0,0.5,0.1,0.7,5.0
David Johnson,TOR,SG,20.0,2.0,0.0,0.5,0.0,0.5,0.0,0.0,0.0,0.0,0.0,0.0,0.0,0.0,0.0,0.0,0.0
David Nwaba,HOU,SF,28.0,38.0,2.6,5.6,0.4,1.6,0.288,0.562,0.704,1.1,2.5,3.6,0.9,0.8,0.6,0.6,7.2
David Roddy,"PHO, 2TM, MEM",PF,22.0,50.0,2.2,5.4,0.7,2.3,0.256,0.525,0.752,0.7,2.0,2.7,1.0,0.4,0.2,0.8,5.7
Davion Mitchell,SAC,PG,24.0,76.0,3.0,6.9,1.0,3.0,0.332,0.534,0.726,0.3,1.3,1.6,2.8,0.5,0.2,1.0,7.5
Davon Reed,"DEN, LAL, 2TM",SG,27.0,34.0,0.9,2.0,0.4,1.1,0.416,0.532,0.584,0.2,1.2,1.4,0.6,0.4,0.1,0.4,2.4
Day'Ron Sharpe,BRK,"PF, C",21.0,47.0,2.5,4.4,0.1,0.2,0.366,0.575,0.61,2.4,2.8,5.2,0.9,0.3,0.6,1.0,5.9
De'Aaron Fox,SAC,PG,24.0,66.0,9.2,19.2,1.9,5.6,0.328,0.542,0.747,0.6,3.4,4.0,6.1,1.4,0.4,2.7,25.0
De'Andre Hunter,ATL,SF,24.0,50.0,5.2,11.4,1.6,4.4,0.36,0.524,0.824,0.6,3.4,4.0,1.5,0.7,0.4,1.3,14.8
De'Anthony Melton,"PHI, MEM","SG, PG",24.0,60.0,3.6,8.8,1.9,5.0,0.384,0.454,0.796,0.8,3.1,3.8,2.7,1.4,0.5,1.3,10.3
DeAndre Jordan,"PHI, 2TM, BRK, DEN, LAL",C,33.0,38.0,2.2,3.2,0.0,0.0,0.167,0.677,0.529,1.7,3.9,5.6,0.8,0.2,0.7,1.0,4.9
DeAndre' Bembry,"TOR, BRK, MIL, 2TM",SF,27.0,41.0,1.8,3.4,0.2,0.6,0.274,0.538,0.471,0.7,1.9,2.6,1.4,0.8,0.3,0.7,4.4
DeJon Jarreau,"IND, MEM",SG,25.0,5.0,1.0,2.8,0.2,0.7,0.154,0.176,0.228,0.4,2.0,2.4,1.4,0.4,0.1,0.5,2.4
DeMar DeRozan,"SAS, CHI","SF, PF",32.0,72.0,8.7,17.5,0.6,2.0,0.316,0.518,0.87,0.6,4.0,4.6,5.6,1.0,0.4,2.0,24.5
DeMarcus Cousins,"HOU, 2TM, MIL, DEN, LAC",C,30.0,30.0,3.2,7.0,0.9,2.8,0.334,0.527,0.745,1.4,4.5,5.9,1.6,0.8,0.5,1.6,8.9
Dean Wade,CLE,PF,26.0,53.0,1.9,4.4,1.2,3.2,0.368,0.584,0.714,0.6,2.9,3.4,1.0,0.6,0.4,0.4,5.4
Deandre Ayton,"PHO, POR",C,24.0,62.0,7.4,12.2,0.1,0.3,0.24,0.613,0.774,2.9,7.6,10.4,1.5,0.7,0.9,1.7,16.6
Deividas Sirvydis,DET,SG,20.0,12.0,0.5,2.6,0.4,1.8,0.25,0.166,0.25,0.0,1.8,1.8,0.3,0.6,0.2,0.2,1.6
Dejounte Murray,"SAS, ATL","SG, PG",26.0,72.0,8.0,17.4,1.7,4.9,0.338,0.506,0.803,0.9,5.6,6.5,6.8,1.6,0.2,2.3,20.0
Delon Wright,"2TM, MIA, DET, ATL, WAS, SAC","SG, PG",30.0,43.0,2.6,5.8,0.8,2.1,0.368,0.478,0.826,0.8,2.3,3.1,3.4,1.4,0.3,0.8,7.0
Deni Avdija,WAS,SF,22.0,72.0,3.5,7.8,1.0,3.1,0.326,0.538,0.72,0.8,5.1,5.9,2.4,0.8,0.4,1.4,9.6
Dennis Schröder,"HOU, 2TM, BOS, BRK, LAL, TOR","SG, PG",29.0,52.0,4.8,11.3,1.4,4.1,0.353,0.468,0.845,0.5,2.7,3.1,5.4,0.8,0.2,2.2,13.6
Dennis Smith Jr.,"2TM, BRK, DET, POR, NYK, CHO",PG,24.0,32.0,2.4,6.0,0.5,1.9,0.235,0.444,0.733,0.5,1.9,2.4,3.3,1.1,0.4,1.1,6.3
Denzel Valentine,"CHI, CLE, UTA, 2TM",SG,28.0,28.0,1.4,3.6,0.8,2.4,0.369,0.506,0.235,0.3,1.9,2.2,0.7,0.4,0.0,0.7,3.7
Deonte Burton,SAC,PF,29.0,2.0,0.0,1.0,0.0,0.5,0.0,0.0,0.0,0.0,0.0,0.0,0.0,0.0,0.0,0.0,0.0
Dereck Lively II,DAL,C,19.0,55.0,4.0,5.4,0.0,0.0,0.0,0.752,0.506,2.5,4.4,6.9,1.1,0.7,1.4,0.9,8.8
Dereon Seabron,NOP,SG,22.0,6.0,0.6,1.6,0.1,0.2,0.25,0.336,0.416,0.2,0.5,0.7,0.4,0.2,0.1,0.0,1.5
Derrick Favors,"UTA, OKC",C,30.0,54.0,2.3,4.2,0.0,0.2,0.062,0.598,0.689,1.8,3.4,5.1,0.6,0.4,0.6,0.4,5.4
Derrick Jones Jr.,"DAL, CHI, POR","SF, PF",24.0,62.0,2.4,4.8,0.6,2.0,0.331,0.613,0.725,1.1,2.0,3.1,0.7,0.6,0.7,0.6,6.5
Derrick Rose,"NYK, DET, 2TM, MEM",PG,33.0,30.0,4.5,10.0,1.0,2.6,0.367,0.475,0.894,0.4,1.9,2.3,3.6,0.8,0.3,1.4,11.6
Derrick Walton,DET,PG,26.0,3.0,2.0,8.7,1.0,4.3,0.231,0.231,1.0,0.7,2.7,3.3,7.0,2.3,1.3,3.7,6.3
Derrick White,"SAS, 2TM, BOS",SG,27.0,57.0,4.6,10.7,1.9,5.5,0.342,0.521,0.869,0.5,3.0,3.5,4.4,0.8,0.9,1.4,13.6
Desmond Bane,MEM,SG,24.0,61.0,6.6,14.1,2.7,6.6,0.414,0.517,0.868,0.7,3.6,4.2,3.6,1.0,0.4,1.8,18.2
Devin Booker,PHO,"SG, PG",26.0,64.0,9.6,19.8,2.2,6.2,0.36,0.539,0.869,0.7,3.9,4.6,5.4,1.0,0.3,2.7,26.8
Devin Cannady,ORL,PG,24.0,6.0,2.2,6.2,1.9,4.7,0.39,0.208,0.786,0.1,0.8,0.9,1.0,0.8,0.4,0.6,7.2
Devin Vassell,SAS,"SF, SG",22.0,60.0,5.2,11.7,2.0,5.4,0.367,0.495,0.816,0.4,3.3,3.7,2.6,1.0,0.4,1.1,14.0
Devon Dotson,"CHI, WAS",PG,22.0,9.0,0.7,1.9,0.2,0.7,0.205,0.452,0.185,0.4,0.6,1.0,1.1,0.4,0.0,0.3,1.7
Devontae Cacok,"SAS, LAL",PF,24.0,18.0,1.2,1.8,0.0,0.0,0.0,0.632,0.513,0.6,1.6,2.2,0.2,0.4,0.4,0.2,2.6
Devonte' Graham,"SAS, NOP, 2TM, CHO",PG,27.0,50.0,3.0,8.0,2.1,5.9,0.346,0.445,0.79,0.3,1.7,2.0,3.4,0.7,0.2,1.0,9.6
Dewayne Dedmon,"MIA, PHI, 2TM",C,32.0,32.0,2.2,3.9,0.2,0.7,0.342,0.621,0.618,1.2,3.1,4.3,0.8,0.3,0.5,0.8,5.6
Dexter Dennis,DAL,SG,24.0,4.0,2.5,4.8,0.3,2.0,0.125,0.818,0.333,0.3,2.0,2.3,1.0,0.0,0.3,0.8,5.5
Didi Louzada,"NOP, 2TM, POR","SF, SG",22.0,5.0,1.0,3.4,0.8,2.4,0.273,0.2,0.5,0.6,0.9,1.5,0.7,0.3,0.1,0.6,2.9
Dillon Brooks,"HOU, MEM",SF,26.0,61.0,5.9,14.0,1.8,5.4,0.334,0.471,0.822,0.8,2.4,3.2,2.4,1.0,0.2,1.5,15.6
Dmytro Skapintsev,NYK,C,25.0,2.0,0.0,0.5,0.0,0.0,0.0,0.0,0.0,0.0,0.0,0.0,0.0,0.0,0.0,0.0,0.0
Domantas Sabonis,"IND, SAC, 2TM","PF, C",25.0,58.0,7.4,12.9,0.5,1.7,0.324,0.613,0.734,3.1,9.3,12.4,6.4,1.0,0.5,3.2,19.2
Dominick Barlow,SAS,PF,20.0,30.0,1.6,3.2,0.0,0.2,0.166,0.536,0.705,1.5,2.0,3.5,1.0,0.4,0.6,0.4,4.2
Donovan Mitchell,"UTA, CLE","SG, PG",26.0,61.0,9.3,20.4,3.4,9.2,0.374,0.528,0.857,0.8,3.6,4.5,5.2,1.4,0.4,2.8,26.8
Donovan Williams,ATL,SG,21.0,2.0,1.0,2.5,0.0,1.0,0.0,0.667,0.0,0.0,1.0,1.0,0.0,0.0,0.0,0.0,2.0
Donta Hall,ORL,PF,23.0,13.0,1.9,2.7,0.0,0.0,0.0,0.714,0.676,1.8,2.9,4.8,0.8,0.4,0.8,0.6,5.6
Donte DiVincenzo,"2TM, GSW, MIL, NYK, SAC",SG,25.0,50.0,3.5,8.8,2.1,5.8,0.361,0.446,0.804,1.0,3.3,4.3,2.9,1.2,0.2,1.6,10.3
Dorian Finney-Smith,"DAL, BRK, 2TM",PF,29.0,57.0,3.3,7.8,1.8,5.1,0.356,0.544,0.742,1.6,3.2,4.9,1.6,0.9,0.5,0.9,9.0
Doug McDermott,"IND, SAS, 2TM","SF, PF",31.0,52.0,3.2,6.7,1.6,4.1,0.399,0.57,0.671,0.4,1.4,1.7,1.2,0.3,0.1,0.6,8.5
Draymond Green,GSW,PF,32.0,59.0,3.1,6.2,0.6,1.8,0.316,0.571,0.724,1.0,6.2,7.2,7.2,1.2,0.9,2.8,7.9
Drew Eubanks,"SAS, POR, 2TM, PHO",C,24.0,58.0,3.0,4.9,0.1,0.2,0.5,0.61,0.743,1.8,3.6,5.4,1.1,0.4,0.8,1.0,7.4
Drew Peterson,BOS,PF,24.0,3.0,1.3,2.0,1.0,1.7,0.6,1.0,0.0,0.0,0.3,0.3,0.3,0.7,0.0,0.3,3.7
Dru Smith,"MIA, BRK, 2TM",SG,25.0,10.0,1.3,3.2,0.4,1.4,0.288,0.5,0.75,0.3,1.4,1.6,1.4,0.8,0.3,0.3,3.2
Duane Washington Jr.,"IND, PHO","SG, PG",22.0,40.0,3.3,8.6,1.5,4.0,0.368,0.403,0.71,0.1,1.4,1.4,1.9,0.4,0.1,1.2,8.9
Duncan Robinson,MIA,"SF, SG",28.0,65.0,3.7,8.7,2.7,7.0,0.376,0.582,0.864,0.2,2.4,2.6,1.8,0.5,0.2,1.0,10.8
Duop Reath,POR,C,27.0,68.0,3.4,7.3,1.3,3.6,0.359,0.559,0.742,1.4,2.3,3.7,1.0,0.5,0.6,0.8,9.1
Dwayne Bacon,ORL,SG,25.0,72.0,4.1,10.1,0.8,2.9,0.285,0.449,0.824,0.4,2.7,3.1,1.3,0.6,0.1,0.6,10.9
Dwight Howard,"LAL, PHI",C,36.0,64.0,2.4,4.1,0.1,0.3,0.392,0.614,0.617,2.4,4.8,7.2,0.8,0.5,0.8,1.2,6.6
Dwight Powell,DAL,C,30.0,70.0,2.3,3.4,0.1,0.2,0.23,0.701,0.735,1.8,2.4,4.1,1.1,0.5,0.4,0.7,6.2
Dylan Windler,"3TM, LAL, ATL, NYK, CLE",SF,26.0,17.0,0.9,2.0,0.6,1.5,0.441,0.546,0.23,0.2,1.0,1.3,0.6,0.2,0.1,0.3,2.7
Dyson Daniels,NOP,PG,20.0,60.0,1.9,4.3,0.6,1.8,0.312,0.522,0.646,0.8,2.8,3.6,2.5,1.0,0.3,1.0,4.8
Dāvis Bertāns,"2TM, OKC, DAL, WAS, CHO",PF,30.0,38.0,2.0,5.1,1.7,4.4,0.371,0.455,0.888,0.2,1.6,1.8,0.7,0.4,0.2,0.4,6.4
E'Twaun Moore,PHO,SG,31.0,27.0,2.0,4.5,0.4,1.3,0.314,0.512,0.857,0.5,1.1,1.7,1.5,0.6,0.2,0.9,4.9
E.J. Liddell,NOP,PF,23.0,8.0,0.1,0.8,0.0,0.6,0.0,1.0,1.0,0.0,0.6,0.6,0.1,0.3,0.3,0.3,0.5
Ed Davis,"CLE, MIN",C,32.0,27.0,0.6,1.2,0.0,0.0,0.0,0.56,0.631,1.2,2.3,3.6,0.6,0.4,0.4,0.2,1.5
Edmond Sumner,"IND, BRK",SG,26.0,53.0,2.6,5.2,0.6,1.6,0.377,0.546,0.868,0.2,1.3,1.6,1.1,0.6,0.2,1.0,7.3
Elfrid Payton,"NYK, PHO",PG,26.0,56.0,2.8,6.7,0.2,1.0,0.254,0.43,0.528,0.7,1.8,2.6,2.6,0.6,0.1,1.2,6.6
Elijah Bryant,MIL,SG,25.0,1.0,6.0,13.0,1.0,5.0,0.2,0.625,1.0,2.0,4.0,6.0,3.0,0.0,1.0,4.0,16.0
Elijah Hughes,"UTA, POR, 2TM","SF, SG",23.0,22.0,1.1,3.3,0.6,2.2,0.298,0.444,0.799,0.2,1.2,1.3,0.5,0.3,0.2,0.4,3.0
Emanuel Terry,PHO,PF,25.0,3.0,0.0,1.7,0.0,0.0,0.0,0.0,0.0,2.7,2.3,5.0,0.7,0.3,0.0,1.7,0.0
Emmanuel Mudiay,SAC,PG,25.0,2.0,0.0,1.0,0.0,0.0,0.0,0.0,0.75,0.0,0.0,0.0,2.0,0.5,0.0,0.5,1.5
Emoni Bates,CLE,SF,20.0,15.0,1.0,3.3,0.7,2.2,0.303,0.313,0.25,0.1,0.9,0.9,0.7,0.1,0.1,0.5,2.7
Enes Freedom,"BOS, POR",C,28.0,54.0,3.1,5.3,0.0,0.1,0.325,0.57,0.816,2.8,4.9,7.8,0.7,0.3,0.6,0.8,7.4
Eric Bledsoe,"LAC, NOP","SG, PG",32.0,62.0,4.0,9.5,1.3,4.0,0.327,0.488,0.724,0.4,3.0,3.4,4.0,1.0,0.4,1.8,11.0
Eric Gordon,"HOU, LAC, PHO, 2TM",SG,34.0,48.0,4.5,10.0,2.1,5.7,0.377,0.547,0.813,0.2,1.7,1.9,2.5,0.6,0.4,1.5,13.1
Eric Paschall,"GSW, UTA",PF,24.0,49.0,2.8,5.8,0.6,1.6,0.352,0.558,0.74,0.6,1.9,2.5,1.0,0.2,0.2,0.8,7.6
Ersan İlyasova,UTA,PF,33.0,17.0,1.2,3.2,1.1,2.4,0.439,0.231,1.0,0.4,1.3,1.7,0.2,0.6,0.2,0.5,3.8
Eugene Omoruyi,"2TM, DET, OKC, DAL, WAS",SF,25.0,25.0,2.0,4.6,0.5,1.7,0.323,0.508,0.633,0.9,1.5,2.5,0.7,0.5,0.1,0.6,5.6
Evan Fournier,"2TM, ORL, BOS, DET, NYK","SF, SG",30.0,32.0,3.8,9.6,1.9,5.6,0.327,0.469,0.808,0.2,2.1,2.3,2.2,1.0,0.3,1.1,11.0
Evan Mobley,CLE,PF,21.0,66.0,6.4,11.7,0.3,1.3,0.28,0.58,0.685,2.2,6.6,8.9,2.8,0.8,1.5,1.8,15.6
Facundo Campazzo,"DEN, DAL",PG,30.0,46.0,1.3,3.7,0.8,2.6,0.309,0.307,0.716,0.2,1.1,1.4,2.7,1.0,0.2,0.8,4.2
Feron Hunt,NYK,SF,22.0,2.0,0.0,1.0,0.0,0.0,0.0,0.0,0.0,0.5,0.0,0.5,0.5,0.5,0.0,0.5,0.0
Filip Petrušev,"SAC, PHI, 2TM",C,23.0,2.0,0.3,0.6,0.0,0.0,0.0,0.333,0.333,0.0,0.4,0.4,0.0,0.0,0.0,0.0,0.8
Frank Jackson,"UTA, DET",PG,23.0,31.0,2.4,6.5,1.0,3.4,0.238,0.346,0.547,0.6,1.4,1.9,1.0,0.3,0.1,0.5,6.8
Frank Kaminsky,"HOU, ATL, PHO, 2TM",C,28.0,26.0,1.8,3.6,0.5,1.3,0.354,0.568,0.845,0.5,2.1,2.6,1.2,0.3,0.3,0.3,4.8
Frank Mason III,ORL,PG,26.0,4.0,2.3,6.0,0.5,1.3,0.4,0.368,0.714,0.8,2.3,3.0,3.0,0.0,0.0,1.3,6.3
Frank Ntilikina,"DAL, NYK, CHO","SG, PG",24.0,36.0,0.9,2.7,0.5,1.6,0.3,0.282,0.768,0.2,1.0,1.2,1.0,0.3,0.1,0.4,2.7
Franz Wagner,ORL,SF,21.0,77.0,6.6,13.8,1.4,4.2,0.332,0.542,0.852,1.0,3.6,4.6,3.4,1.0,0.3,1.8,17.8
Fred VanVleet,"HOU, TOR","SG, PG",28.0,65.0,6.4,15.9,3.3,9.0,0.368,0.441,0.879,0.6,3.6,4.1,7.1,1.6,0.6,2.0,19.2
Freddie Gillespie,"TOR, ORL",PF,24.0,14.0,1.6,3.3,0.0,0.0,0.0,0.477,0.563,1.8,2.7,4.4,0.6,0.5,1.0,0.6,4.0
Furkan Korkmaz,PHI,SG,24.0,48.0,2.0,5.0,1.0,2.8,0.351,0.466,0.741,0.2,1.4,1.7,1.2,0.5,0.1,0.6,5.8
GG Jackson II,MEM,PF,19.0,48.0,5.0,11.7,2.1,6.0,0.357,0.502,0.752,1.1,3.0,4.1,1.2,0.6,0.5,1.4,14.6
Gabe Vincent,"MIA, LAL",PG,26.0,49.0,2.4,6.2,1.2,3.8,0.28,0.521,0.764,0.3,1.2,1.5,2.2,0.8,0.1,1.0,6.5
Gabe York,IND,SG,28.0,2.0,1.8,5.2,1.2,4.5,0.25,0.834,0.8,0.0,1.5,1.5,1.8,0.8,0.2,0.2,6.0
Gabriel Deck,OKC,PF,26.0,8.0,2.2,4.4,0.2,1.0,0.316,0.588,0.409,0.8,1.5,2.4,1.5,0.4,0.0,0.4,5.5
Gabriel Lundberg,PHO,SG,27.0,4.0,1.3,4.8,0.8,2.0,0.375,0.182,0.0,0.5,1.3,1.8,2.8,0.8,0.0,0.8,3.3
Garrett Temple,"CHI, NOP, TOR",SG,36.0,42.0,1.6,4.1,0.8,2.3,0.344,0.448,0.763,0.5,1.4,1.9,1.2,0.6,0.3,0.6,4.5
Garrison Mathews,"HOU, WAS, ATL, 2TM",SG,26.0,50.0,1.7,4.2,1.3,3.6,0.379,0.521,0.863,0.3,1.3,1.6,0.5,0.4,0.2,0.3,5.8
Gary Clark,"PHI, ORL, NOP, 3TM, DEN","SF, PF",26.0,23.0,0.6,2.0,0.5,1.5,0.195,0.209,0.46,0.5,1.5,2.0,0.5,0.3,0.1,0.2,1.8
Gary Harris,"DEN, 2TM, ORL",SG,27.0,40.0,3.3,7.9,1.5,4.0,0.368,0.492,0.826,0.5,1.4,2.0,1.8,0.8,0.3,0.8,9.4
Gary Payton II,"GSW, POR, 2TM","SG, PG",30.0,28.0,2.0,3.4,0.5,1.2,0.449,0.708,0.748,1.0,1.8,2.9,1.0,1.0,0.3,0.6,4.9
Gary Trent Jr.,"TOR, POR, 2TM",SG,23.0,54.0,5.8,13.9,2.7,7.2,0.38,0.451,0.804,0.4,2.3,2.7,1.6,1.2,0.2,0.8,16.0
George Hill,"IND, PHI, 2TM, MIL, OKC","SG, PG",35.0,29.0,2.4,5.1,0.9,2.4,0.381,0.576,0.816,0.5,1.6,2.0,2.3,0.7,0.2,0.9,6.8
George King,DAL,SF,28.0,4.0,0.0,1.3,0.0,1.0,0.0,0.0,0.5,0.0,1.3,1.3,0.0,0.0,0.0,0.3,0.3
Georges Niang,"UTA, PHI, CLE",PF,28.0,77.0,3.0,6.8,1.9,4.7,0.401,0.532,0.889,0.3,2.4,2.7,1.1,0.4,0.2,0.8,8.4
Georgios Kalaitzakis,"MIL, 2TM, OKC",SF,23.0,9.0,3.2,6.8,1.0,2.6,0.416,0.49,0.462,0.5,1.5,1.9,1.3,1.1,0.2,2.0,8.6
Giannis Antetokounmpo,MIL,PF,28.0,66.0,10.8,18.9,0.8,2.9,0.286,0.623,0.677,2.1,9.4,11.5,6.0,1.1,1.1,3.5,29.9
Glenn Robinson III,SAC,SF,27.0,23.0,1.8,4.3,0.7,1.9,0.364,0.473,0.913,0.5,1.5,2.0,0.9,0.2,0.1,0.5,5.3
Goga Bitadze,"IND, 2TM, ORL",C,23.0,39.0,2.0,3.8,0.2,1.0,0.228,0.618,0.624,1.6,2.2,3.8,1.0,0.4,0.9,0.6,5.1
Goran Dragić,"2TM, MIA, BRK, MIL, TOR, CHI",PG,35.0,30.0,2.8,7.0,1.0,3.0,0.326,0.455,0.819,0.5,2.0,2.4,3.2,0.6,0.1,1.4,7.8
Gordon Hayward,"2TM, OKC, CHO",SF,32.0,41.0,4.9,10.5,1.2,2.9,0.403,0.488,0.783,0.8,3.5,4.2,3.5,0.9,0.3,1.6,13.3
Gorgui Dieng,"SAS, ATL, 2TM, MEM",C,32.0,30.0,1.8,3.8,0.7,1.9,0.386,0.585,0.817,1.0,2.5,3.4,1.3,0.5,0.4,0.8,5.5
Gradey Dick,TOR,SG,20.0,60.0,3.2,7.4,1.5,4.0,0.365,0.495,0.863,0.5,1.8,2.2,1.1,0.6,0.0,0.8,8.5
Grant Riller,CHO,PG,23.0,7.0,1.1,1.7,0.3,0.6,0.5,0.75,0.0,0.0,0.1,0.1,0.4,0.1,0.0,0.1,2.6
Grant Williams,"BOS, DAL, 2TM, CHO",PF,24.0,62.0,3.1,6.7,1.4,3.7,0.384,0.545,0.755,1.0,3.0,4.0,1.8,0.5,0.5,1.2,8.8
Grayson Allen,"MIL, MEM, PHO",SG,26.0,66.0,3.8,8.4,2.3,5.6,0.415,0.523,0.879,0.6,2.8,3.4,2.2,0.8,0.3,1.0,11.4
Greg Brown III,"DAL, POR","SF, PF",21.0,23.0,1.1,2.5,0.2,0.7,0.262,0.486,0.513,0.5,1.4,1.8,0.5,0.3,0.5,0.6,3.0
Greg Monroe,"WAS, MIL, MIN, 4TM, UTA",C,31.0,6.0,2.2,3.9,0.0,0.0,0.0,0.59,0.416,2.3,2.3,4.6,1.5,0.5,0.7,0.9,5.2
Greg Whittington,DEN,PF,27.0,4.0,0.0,0.8,0.0,0.5,0.0,0.0,0.0,0.0,0.0,0.0,0.0,0.0,0.0,0.0,0.0
Gui Santos,GSW,PF,21.0,23.0,1.2,2.4,0.4,1.2,0.37,0.643,0.941,0.7,1.4,2.1,0.6,0.2,0.1,0.3,3.6
Hamidou Diallo,"WAS, DET, 2TM, OKC","SF, SG",23.0,37.0,3.6,7.3,0.4,1.2,0.252,0.525,0.528,1.1,3.1,4.2,1.4,0.9,0.4,1.2,9.3
Harrison Barnes,SAC,PF,30.0,75.0,4.8,10.1,1.7,4.5,0.386,0.554,0.826,1.0,3.9,4.9,2.2,0.7,0.2,1.2,14.9
Harry Giles,"LAL, BRK, POR, 2TM",C,24.0,21.0,0.9,2.1,0.1,0.6,0.209,0.481,0.417,0.5,1.2,1.8,0.4,0.1,0.2,0.3,2.2
Hassan Whiteside,"UTA, SAC",C,32.0,50.0,3.4,5.6,0.0,0.0,0.0,0.608,0.571,2.2,4.6,6.8,0.5,0.3,1.5,1.0,8.1
Hassani Gravett,ORL,PG,25.0,8.0,2.3,4.8,1.4,3.3,0.423,0.583,0.75,0.1,2.5,2.6,2.5,0.6,0.1,1.1,6.3
Haywood Highsmith,MIA,"SF, PF",26.0,46.0,1.6,3.8,0.8,2.1,0.352,0.491,0.501,0.9,1.8,2.7,0.7,0.5,0.3,0.5,4.3
Henri Drell,CHI,SF,23.0,4.0,1.0,2.5,0.5,1.5,0.333,0.5,0.5,0.3,0.8,1.0,1.0,0.5,0.3,0.5,2.8
Henry Ellenson,TOR,PF,24.0,2.0,2.5,7.0,1.0,4.5,0.222,0.6,0.75,1.5,4.5,6.0,2.5,0.0,0.0,0.0,7.5
Herbert Jones,NOP,"SF, PF",24.0,73.0,3.7,7.6,1.0,2.8,0.363,0.546,0.824,1.3,2.6,3.8,2.4,1.6,0.7,1.3,10.1
Hunter Tyson,DEN,PF,23.0,18.0,0.4,1.1,0.2,0.8,0.286,0.667,0.0,0.1,0.4,0.5,0.1,0.1,0.0,0.1,1.1
Ibou Badji,POR,C,21.0,22.0,0.6,1.0,0.0,0.0,0.0,0.636,0.5,0.9,1.4,2.3,0.6,0.1,0.9,0.7,1.5
Ignas Brazdeikis,"NYK, PHI, 3TM, ORL",SF,22.0,14.0,1.8,4.8,0.6,1.7,0.222,0.287,0.607,0.6,2.0,2.6,0.9,0.2,0.1,0.6,4.7
Iman Shumpert,BRK,SG,30.0,2.0,0.5,2.0,0.0,1.5,0.0,1.0,0.0,0.5,0.0,0.5,0.0,0.5,0.0,0.5,1.0
Immanuel Quickley,"NYK, TOR, 2TM","SG, PG",23.0,60.0,4.9,11.5,2.2,5.7,0.382,0.466,0.86,0.4,3.1,3.4,3.8,0.7,0.1,1.3,14.7
Isaac Bonga,"WAS, TOR",SF,22.0,28.0,0.5,1.4,0.2,0.8,0.264,0.361,0.625,0.4,0.7,1.1,0.4,0.4,0.2,0.4,1.4
Isaac Okoro,CLE,"SF, SG",22.0,70.0,3.1,6.6,0.9,2.7,0.348,0.561,0.732,1.0,2.0,2.9,1.7,0.8,0.4,0.9,8.6
Isaiah Hartenstein,"2TM, DEN, NYK, CLE, LAC",C,23.0,53.0,2.6,4.4,0.1,0.2,0.28,0.589,0.67,2.0,3.4,5.4,1.7,0.6,1.0,1.0,6.3
Isaiah Jackson,IND,C,21.0,53.0,2.9,4.9,0.0,0.2,0.152,0.614,0.683,1.7,2.5,4.2,0.6,0.6,1.3,0.9,7.3
Isaiah Joe,"PHI, OKC",SG,22.0,62.0,2.0,4.9,1.5,3.8,0.382,0.465,0.842,0.2,1.4,1.6,0.9,0.5,0.2,0.4,6.2
Isaiah Livers,DET,"SF, PF",24.0,31.0,2.1,5.1,1.3,3.5,0.358,0.514,0.782,0.7,1.9,2.6,1.0,0.6,0.4,0.7,6.0
Isaiah Mobley,CLE,PF,24.0,11.0,1.0,2.3,0.3,0.8,0.338,0.475,0.5,0.3,1.0,1.4,0.4,0.2,0.2,0.2,2.4
Isaiah Roby,"SAS, OKC",PF,23.0,49.0,2.9,6.0,0.6,1.8,0.346,0.536,0.635,1.2,3.1,4.3,1.4,0.7,0.5,1.2,7.6
Isaiah Stewart,DET,"PF, C",20.0,59.0,3.7,7.5,0.8,2.3,0.342,0.56,0.726,2.4,5.2,7.5,1.3,0.4,1.0,1.2,9.6
Isaiah Thomas,"NOP, 3TM, PHO, LAL, DAL, CHO",PG,32.0,9.0,2.6,7.2,0.9,3.4,0.285,0.419,0.584,0.2,0.8,1.0,1.8,0.2,0.2,0.8,6.8
Isaiah Todd,WAS,PF,20.0,9.0,0.6,2.7,0.2,1.5,0.175,0.261,0.666,0.3,1.2,1.5,0.5,0.2,0.1,0.3,1.6
Isaiah Wong,IND,SG,23.0,1.0,1.0,3.0,0.0,1.0,0.0,0.5,0.0,0.0,0.0,0.0,0.0,0.0,0.0,0.0,2.0
Ish Smith,"DEN, WAS, 2TM, CHO",PG,33.0,43.0,2.4,5.6,0.3,0.8,0.361,0.432,0.614,0.4,1.8,2.2,3.5,0.6,0.3,1.1,5.3
Ish Wainright,"PHO, 2TM, POR","SF, PF",28.0,25.0,0.8,2.5,0.6,1.9,0.325,0.198,0.684,0.5,1.0,1.5,0.3,0.4,0.1,0.3,2.5
Ivica Zubac,LAC,C,24.0,73.0,4.2,6.6,0.0,0.0,0.062,0.642,0.734,2.9,5.8,8.7,1.3,0.4,1.1,1.3,10.4
Izaiah Brockington,NOP,PG,24.0,1.0,2.0,5.0,0.0,1.0,0.0,0.5,0.0,1.0,1.0,2.0,0.0,0.0,0.0,0.0,4.0
JD Davison,BOS,SG,20.0,10.0,0.6,1.6,0.3,0.8,0.358,0.45,0.625,0.2,0.8,1.0,1.1,0.2,0.2,0.3,1.8
JJ Redick,"DAL, NOP, 2TM",SG,36.0,29.0,2.2,5.7,1.4,3.8,0.377,0.401,0.9,0.1,1.3,1.4,1.1,0.3,0.1,0.8,6.8
JT Thor,CHO,PF,20.0,55.0,1.1,2.7,0.4,1.3,0.307,0.535,0.617,0.5,1.4,1.9,0.5,0.2,0.3,0.4,3.0
Ja Morant,MEM,PG,22.0,48.0,8.8,18.6,1.4,4.7,0.307,0.527,0.762,1.0,4.3,5.3,7.6,1.0,0.4,3.2,24.4
JaKarr Sampson,IND,PF,27.0,29.0,1.9,3.9,0.1,0.5,0.2,0.541,0.655,0.9,1.7,2.7,0.1,0.1,0.5,0.5,4.6
JaMychal Green,"DEN, GSW",PF,31.0,61.0,2.6,5.2,0.9,2.4,0.348,0.607,0.818,1.3,2.9,4.2,0.9,0.5,0.4,0.9,7.0
JaQuori McLaughlin,DAL,PG,24.0,4.0,0.0,0.5,0.0,0.3,0.0,0.0,0.0,0.0,0.0,0.0,0.5,0.0,0.0,0.0,0.0
JaVale McGee,"2TM, PHO, DEN, CLE, DAL, SAC",C,34.0,42.0,2.8,5.0,0.1,0.3,0.204,0.584,0.64,1.5,3.1,4.6,0.6,0.3,0.9,1.1,6.4
Jabari Parker,"SAC, 2TM, BOS",PF,25.0,10.0,1.9,3.6,0.3,0.8,0.22,0.598,0.635,0.6,2.2,2.8,0.6,0.1,0.3,0.8,4.8
Jabari Smith Jr.,HOU,PF,20.0,78.0,4.8,11.2,1.6,5.0,0.335,0.508,0.798,1.6,6.0,7.6,1.5,0.6,0.8,1.2,13.2
Jabari Walker,POR,SF,20.0,64.0,2.4,5.3,0.4,1.4,0.29,0.497,0.755,1.5,3.2,4.7,0.8,0.4,0.2,0.7,6.4
Jack White,"DEN, MEM",SF,26.0,10.0,0.5,2.6,0.4,1.5,0.266,0.25,0.334,0.7,1.3,2.0,0.2,0.6,0.2,0.3,1.4
Jacob Gilyard,"BRK, 2TM, MEM",PG,25.0,21.0,1.0,3.0,0.9,2.7,0.291,0.188,0.5,0.2,1.6,1.8,3.8,1.5,0.0,1.0,3.0
Jacob Toppin,NYK,SF,23.0,9.0,0.6,1.0,0.1,0.4,0.25,0.8,1.0,0.3,0.4,0.8,0.3,0.0,0.1,0.1,1.4
Jaden Hardy,DAL,SG,20.0,60.0,2.8,6.8,1.2,3.2,0.383,0.458,0.8,0.2,1.6,1.8,1.4,0.4,0.1,0.9,8.0
Jaden Ivey,DET,SG,20.0,76.0,5.4,13.0,1.6,4.8,0.34,0.471,0.748,1.0,2.6,3.6,4.5,0.8,0.4,2.8,15.8
Jaden McDaniels,MIN,"SF, PF",22.0,71.0,3.8,7.9,1.2,3.4,0.354,0.576,0.715,1.0,2.8,3.7,1.4,0.8,0.8,1.1,9.6
Jaden Springer,"BOS, PHI, 2TM",SG,20.0,23.0,1.0,2.2,0.1,0.6,0.201,0.608,0.656,0.6,0.7,1.3,0.6,0.5,0.4,0.5,2.6
Jae Crowder,"MIL, PHO",PF,32.0,49.0,2.8,6.7,1.7,4.5,0.38,0.509,0.776,0.6,3.6,4.2,1.7,0.9,0.4,0.6,8.2
Jae'Sean Tate,HOU,"SF, PF",26.0,61.0,3.6,7.3,0.6,2.0,0.3,0.563,0.698,1.4,3.0,4.4,2.2,0.8,0.4,1.3,9.1
Jahlil Okafor,DET,C,25.0,27.0,2.3,3.8,0.1,0.3,0.222,0.656,0.708,0.9,1.6,2.4,0.5,0.2,0.2,0.8,5.4
Jahmi'us Ramsey,"TOR, SAC",SG,20.0,13.0,1.7,4.0,0.5,1.8,0.271,0.544,0.778,0.3,1.2,1.5,0.7,0.5,0.1,0.5,4.3
Jaime Echenique,WAS,C,24.0,1.0,0.0,0.0,0.0,0.0,0.0,0.0,0.0,0.0,0.0,0.0,0.0,0.0,0.0,0.0,0.0
Jaime Jaquez Jr.,MIA,SF,22.0,75.0,4.5,9.3,0.9,2.7,0.322,0.558,0.811,1.1,2.7,3.8,2.6,1.0,0.3,1.5,11.9
Jake LaRavia,MEM,PF,22.0,35.0,2.2,5.7,1.1,3.2,0.339,0.492,0.802,1.0,1.8,2.8,1.2,0.6,0.2,0.9,6.9
Jake Layman,MIN,SF,26.0,40.0,1.4,3.1,0.4,1.4,0.262,0.61,0.712,0.2,1.0,1.3,0.4,0.4,0.2,0.4,3.8
Jakob Poeltl,"SAS, TOR, 2TM",C,27.0,55.0,5.2,8.2,0.0,0.0,0.167,0.632,0.553,3.3,5.6,8.8,2.5,0.8,1.4,1.5,11.8
Jalen Brunson,"DAL, NYK","SG, PG",26.0,73.0,7.5,15.2,1.8,4.4,0.399,0.54,0.828,0.5,3.1,3.6,5.3,0.8,0.1,1.8,20.4
Jalen Crutcher,NOP,PG,24.0,1.0,0.0,1.0,0.0,0.0,0.0,0.0,0.0,0.0,0.0,0.0,0.0,0.0,0.0,0.0,0.0
Jalen Duren,DET,C,20.0,64.0,4.8,7.6,0.0,0.0,0.0,0.638,0.7,3.2,7.0,10.2,1.8,0.6,0.8,1.8,11.4
Jalen Green,HOU,SG,20.0,75.0,6.8,16.1,2.4,7.2,0.338,0.49,0.796,0.5,3.6,4.1,3.3,0.8,0.3,2.3,19.7
Jalen Harris,TOR,SG,22.0,13.0,2.8,5.5,1.3,2.8,0.472,0.528,0.778,0.2,1.2,1.4,1.3,0.6,0.0,1.1,7.4
Jalen Hood-Schifino,LAL,SG,20.0,21.0,0.5,2.1,0.1,0.7,0.133,0.267,0.6,0.1,0.5,0.6,0.4,0.1,0.1,0.4,1.6
Jalen Johnson,ATL,"SF, PF",21.0,49.0,3.2,6.3,0.6,1.9,0.291,0.613,0.69,0.7,3.9,4.6,1.6,0.6,0.5,0.9,8.0
Jalen Lecque,IND,PG,20.0,4.0,0.3,2.3,0.0,0.3,0.0,0.125,1.0,0.5,0.8,1.3,0.5,0.0,0.0,0.0,1.3
Jalen McDaniels,"TOR, PHI, 2TM, CHO",SF,25.0,52.0,2.7,6.0,0.7,2.2,0.323,0.523,0.78,0.8,2.7,3.4,1.2,0.7,0.3,0.9,7.3
Jalen Pickett,DEN,SG,24.0,27.0,0.6,1.3,0.3,0.9,0.36,0.6,0.75,0.0,0.5,0.5,0.8,0.1,0.0,0.3,1.6
Jalen Slawson,SAC,SF,24.0,12.0,0.3,0.5,0.0,0.2,0.0,1.0,0.0,0.1,0.5,0.6,0.2,0.1,0.1,0.2,0.7
Jalen Smith,"IND, PHO, 2TM","PF, C",21.0,43.0,3.2,6.2,0.7,2.2,0.312,0.601,0.743,1.7,3.5,5.2,0.6,0.2,0.7,0.8,8.3
Jalen Suggs,ORL,"SG, PG",21.0,59.0,4.0,9.8,1.4,4.3,0.313,0.498,0.751,0.7,2.5,3.2,3.3,1.3,0.5,2.2,11.4
Jalen Williams,OKC,"PF, SG",22.0,73.0,6.5,12.3,1.2,3.0,0.391,0.577,0.813,0.8,3.4,4.2,3.9,1.2,0.6,1.6,16.6
Jalen Wilson,BRK,PF,23.0,43.0,1.8,4.2,0.6,1.7,0.324,0.495,0.826,1.1,2.0,3.0,1.0,0.3,0.1,0.4,5.0
Jamal Cain,MIA,PF,24.0,22.0,1.7,3.4,0.4,1.2,0.352,0.566,0.778,0.7,1.5,2.2,0.6,0.5,0.2,0.3,4.6
Jamal Murray,DEN,PG,25.0,57.0,7.7,16.4,2.6,6.3,0.41,0.509,0.852,0.7,3.3,4.0,5.8,1.1,0.4,2.2,20.8
Jamaree Bouyea,"SAS, 2TM, MIA, POR, WAS",PG,24.0,5.0,1.0,2.7,0.2,1.0,0.307,0.421,0.167,0.2,1.5,1.7,0.9,0.4,0.2,0.7,2.4
James Bouknight,CHO,SG,22.0,26.0,1.6,4.4,0.8,2.3,0.361,0.411,0.679,0.3,1.2,1.5,0.8,0.2,0.1,0.5,4.6
James Ennis III,"ORL, BRK, 3TM, DEN, LAC",SF,31.0,11.0,1.9,4.1,0.6,1.5,0.362,0.484,0.521,0.8,1.5,2.3,0.6,0.4,0.3,0.4,5.3
James Harden,"HOU, PHI, 2TM, BRK, LAC",PG,32.0,44.0,6.6,15.1,2.6,7.3,0.354,0.51,0.873,0.7,6.2,6.9,10.3,1.2,0.6,3.9,22.1
James Johnson,"IND, 2TM, BRK, NOP, DAL",PF,34.0,32.0,2.1,4.8,0.4,1.6,0.208,0.527,0.634,0.5,2.2,2.7,1.6,0.6,0.6,0.8,5.2
James Nunnally,NOP,SF,30.0,9.0,0.6,1.4,0.4,1.3,0.333,1.0,0.5,0.2,0.8,1.0,0.3,0.0,0.0,0.2,1.7
James Wiseman,"GSW, DET, 2TM",C,21.0,38.0,4.1,7.3,0.1,0.5,0.237,0.586,0.686,1.6,4.1,5.7,0.7,0.2,0.6,1.2,9.6
Jamorko Pickett,DET,PF,24.0,13.0,1.4,3.8,1.0,3.0,0.333,0.455,0.5,0.5,2.0,2.5,0.5,0.0,0.5,0.4,3.8
Jarace Walker,IND,PF,20.0,33.0,1.4,3.3,0.7,1.7,0.4,0.418,0.889,0.4,1.5,1.9,1.2,0.5,0.3,0.5,3.6
Jared Butler,"UTA, WAS, OKC","SG, PG",22.0,29.0,2.2,4.6,0.8,2.1,0.375,0.523,0.516,0.2,0.9,1.1,2.0,0.6,0.1,1.0,5.4
Jared Dudley,LAL,PF,35.0,12.0,0.2,0.8,0.2,0.5,0.333,0.0,0.0,0.3,1.4,1.8,0.4,0.1,0.1,0.2,0.5
Jared Harper,"NYK, NOP",PG,24.0,6.0,1.4,2.8,0.5,1.2,0.208,0.322,0.875,0.2,0.2,0.4,1.4,0.4,0.1,0.4,3.9
Jared Rhoden,DET,SG,24.0,16.0,1.5,3.5,0.6,1.6,0.318,0.55,0.812,0.5,1.8,2.2,0.6,0.2,0.4,0.3,4.1
Jaren Jackson Jr.,MEM,"PF, C",22.0,54.0,6.2,13.8,1.6,5.2,0.319,0.529,0.813,1.5,4.4,5.9,1.4,1.0,2.1,1.8,18.0
Jarred Vanderbilt,"LAL, UTA, 2TM, MIN",PF,23.0,54.0,2.7,5.0,0.2,0.8,0.266,0.602,0.669,2.1,4.7,6.8,1.7,1.1,0.4,1.1,6.8
Jarrell Brantley,UTA,PF,25.0,16.0,1.4,2.7,0.7,1.6,0.436,0.671,1.0,0.3,1.0,1.2,0.6,0.2,0.3,0.4,3.9
Jarrett Allen,"CLE, BRK, 2TM",C,23.0,54.0,5.4,8.5,0.0,0.2,0.139,0.652,0.722,3.2,7.0,10.2,1.8,0.6,1.3,1.6,14.0
Jarrett Culver,"MEM, ATL, MIN","SF, SG",22.0,27.0,1.7,4.3,0.3,1.4,0.194,0.482,0.589,0.8,1.9,2.7,0.7,0.5,0.2,0.7,4.4
Jarron Cumberland,POR,SG,24.0,3.0,0.3,0.7,0.0,0.3,0.0,1.0,0.0,0.3,0.7,1.0,0.3,0.0,0.0,0.0,0.7
Jason Preston,"UTA, LAC",PG,24.0,10.0,1.1,2.8,0.2,0.8,0.139,0.47,0.0,0.5,1.5,2.0,2.1,0.2,0.0,0.5,2.3
Javin DeLaurier,MIL,C,23.0,1.0,0.0,0.0,0.0,0.0,0.0,0.0,0.0,0.0,1.0,1.0,0.0,1.0,0.0,0.0,0.0
Javon Freeman-Liberty,TOR,PG,24.0,22.0,2.5,5.6,0.5,1.9,0.238,0.549,0.917,0.7,2.5,3.2,1.8,0.5,0.2,1.1,7.0
Javonte Green,"BOS, CHI, 2TM","SF, SG",28.0,31.0,2.2,4.0,0.5,1.3,0.354,0.623,0.781,1.0,2.2,3.2,0.6,0.8,0.4,0.5,5.8
Javonte Smart,"MIA, PHI, MIL, 2TM",PG,22.0,9.0,1.0,2.8,0.4,1.3,0.24,0.278,0.416,0.2,0.8,1.0,0.6,0.3,0.2,0.4,2.6
Jaxson Hayes,"LAL, NOP",C,22.0,62.0,2.5,4.0,0.1,0.4,0.221,0.676,0.716,1.2,2.4,3.6,0.6,0.4,0.6,0.7,6.5
Jay Huff,"DEN, LAL, WAS",C,24.0,10.0,0.9,1.7,0.4,0.9,0.278,0.564,0.646,0.4,1.1,1.5,0.6,0.3,0.4,0.4,2.8
Jay Scrubb,"LAC, ORL",SG,21.0,8.0,2.3,5.0,0.6,1.5,0.503,0.508,0.733,0.2,2.3,2.5,0.4,0.7,0.1,1.2,6.0
Jaylen Adams,MIL,PG,24.0,7.0,0.1,1.1,0.0,0.3,0.0,0.167,0.0,0.0,0.4,0.4,0.3,0.0,0.0,0.0,0.3
Jaylen Brown,BOS,"SF, SG",26.0,65.0,9.3,19.0,2.4,6.8,0.361,0.556,0.748,1.1,5.0,6.1,3.5,1.2,0.4,2.7,24.5
Jaylen Hoard,OKC,SF,22.0,13.0,4.3,8.8,0.6,2.1,0.18,0.554,0.556,2.7,5.0,7.7,1.8,0.8,0.5,1.0,10.4
Jaylen Morris,SAS,SG,26.0,3.0,0.0,2.0,0.0,0.7,0.0,0.0,0.5,0.0,0.7,0.7,0.7,0.0,0.0,0.3,0.7
Jaylen Nowell,"MEM, DET, 2TM, MIN",SG,23.0,32.0,3.2,7.0,0.8,2.7,0.288,0.548,0.804,0.5,1.6,2.1,1.6,0.4,0.2,0.6,8.0
Jaylin Williams,OKC,C,20.0,59.0,1.8,4.0,0.8,2.2,0.387,0.482,0.754,0.7,3.4,4.2,1.6,0.5,0.3,0.6,5.0
Jaysean Paige,DET,PG,27.0,1.0,0.0,3.0,0.0,2.0,0.0,0.0,0.0,0.0,1.0,1.0,1.0,0.0,0.0,1.0,0.0
Jayson Tatum,BOS,"SF, PF",24.0,72.0,9.4,20.4,3.0,8.4,0.366,0.532,0.852,1.0,7.1,8.1,4.6,1.1,0.6,2.8,27.6
Jeenathan Williams,"HOU, POR",SG,24.0,14.0,3.0,5.0,0.4,0.9,0.388,0.616,0.602,1.2,0.8,2.0,1.2,0.4,0.2,0.5,6.8
Jeff Dowtin,"PHI, ORL, GSW, MIL, 3TM, TOR",PG,24.0,9.0,1.0,2.6,0.2,1.0,0.174,0.413,0.57,0.6,1.0,1.5,1.2,0.5,0.1,0.4,2.3
Jeff Green,"DEN, HOU, BRK",PF,36.0,69.0,3.1,6.4,0.8,2.5,0.336,0.579,0.793,0.6,2.4,3.0,1.2,0.4,0.4,0.8,8.9
Jeff Teague,"BOS, MIL, 2TM",PG,32.0,37.0,2.2,5.1,0.7,1.4,0.429,0.442,0.849,0.3,1.3,1.6,2.4,0.6,0.2,1.2,6.7
Jemerrio Jones,LAL,SF,26.0,2.0,1.0,1.5,0.0,0.0,0.0,0.667,0.0,1.0,0.5,1.5,0.0,0.5,0.0,0.0,2.0
Jerami Grant,"DET, POR","SF, PF",28.0,54.0,6.9,15.6,2.1,5.6,0.378,0.484,0.828,0.7,3.5,4.2,2.6,0.8,0.9,1.9,20.8
Jeremiah Martin,CLE,PG,24.0,9.0,1.0,3.7,0.3,1.3,0.25,0.286,0.2,0.2,0.6,0.8,0.4,0.6,0.2,0.7,2.4
Jeremiah Robinson-Earl,"NOP, OKC","PF, C",22.0,44.0,2.2,4.9,0.8,2.3,0.339,0.527,0.775,1.3,2.7,3.9,0.8,0.5,0.2,0.5,5.7
Jeremy Lamb,"IND, SAC, 2TM","SF, SG",29.0,37.0,2.7,6.7,1.1,3.2,0.341,0.45,0.868,0.6,2.5,3.1,1.5,0.6,0.5,0.7,8.1
Jeremy Sochan,SAS,PF,20.0,65.0,4.6,10.2,0.8,2.8,0.277,0.506,0.734,1.8,4.1,5.8,3.0,0.8,0.4,1.8,11.3
Jericho Sims,NYK,"PF, C",24.0,46.0,1.1,1.5,0.0,0.0,0.0,0.732,0.61,1.5,2.5,4.0,0.5,0.3,0.5,0.5,2.5
Jermaine Samuels,HOU,SF,25.0,14.0,0.6,1.0,0.0,0.1,0.0,0.75,1.0,0.2,0.7,0.9,0.2,0.1,0.1,0.0,1.4
Jerome Robinson,"WAS, GSW",SG,24.0,20.0,1.0,3.6,0.4,1.6,0.19,0.442,0.718,0.1,1.1,1.2,0.8,0.4,0.2,0.6,3.2
Jett Howard,ORL,SF,20.0,18.0,0.6,1.7,0.4,1.4,0.28,0.6,0.5,0.1,0.3,0.4,0.3,0.1,0.1,0.2,1.6
Jevon Carter,"2TM, BRK, MIL, PHO, CHI",PG,26.0,58.0,1.9,4.6,1.2,2.9,0.4,0.432,0.748,0.3,1.5,1.7,1.6,0.5,0.2,0.5,5.1
Jimmy Butler,MIA,"SF, PF",32.0,58.0,7.0,14.0,0.6,2.0,0.31,0.535,0.86,1.9,4.1,6.0,5.7,1.7,0.4,1.9,21.6
Jock Landale,"SAS, HOU, PHO",C,27.0,60.0,2.1,4.1,0.3,1.2,0.275,0.608,0.794,1.5,1.7,3.3,1.0,0.3,0.4,0.7,5.5
Joe Harris,"BRK, DET","SF, SG",30.0,43.0,3.2,6.8,2.1,4.8,0.425,0.492,0.688,0.4,2.3,2.6,1.2,0.5,0.2,0.7,8.8
Joe Ingles,"UTA, MIL, ORL",SF,34.0,56.0,2.6,5.8,1.8,4.5,0.41,0.55,0.824,0.3,2.5,2.8,3.6,0.6,0.1,1.2,7.6
Joe Johnson,BOS,SG,40.0,1.0,1.0,1.0,0.0,0.0,0.0,1.0,0.0,0.0,0.0,0.0,0.0,0.0,0.0,0.0,2.0
Joe Wieskamp,"SAS, TOR","SF, SG",22.0,19.0,0.5,1.8,0.4,1.4,0.288,0.231,0.269,0.0,0.4,0.4,0.3,0.0,0.0,0.1,1.6
Joel Ayayi,WAS,SG,21.0,7.0,0.1,0.9,0.0,0.1,0.0,0.2,0.0,0.1,0.3,0.4,0.6,0.0,0.0,0.0,0.3
Joel Embiid,PHI,C,28.0,56.0,10.3,19.8,1.2,3.3,0.366,0.553,0.853,2.1,8.8,10.9,4.2,1.1,1.6,3.4,31.7
John Butler,POR,C,20.0,19.0,0.9,2.8,0.4,1.8,0.229,0.5,0.75,0.2,0.7,0.9,0.6,0.4,0.5,0.1,2.4
John Collins,"ATL, UTA",PF,24.0,64.0,6.0,11.3,1.2,3.4,0.356,0.607,0.806,1.8,5.8,7.6,1.3,0.6,1.0,1.2,15.5
John Konchar,MEM,"SF, SG",26.0,60.0,1.8,3.8,0.7,2.0,0.361,0.577,0.75,1.0,3.1,4.2,1.5,0.8,0.4,0.5,4.6
John Wall,"HOU, LAC",PG,31.0,37.0,5.7,14.0,1.5,4.7,0.31,0.454,0.715,0.4,2.6,3.0,6.1,1.0,0.6,3.0,16.0
Johnny Davis,WAS,SG,20.0,39.0,1.8,4.6,0.4,1.6,0.296,0.453,0.551,0.4,1.6,1.8,0.8,0.4,0.2,0.4,4.4
Johnny Juzang,UTA,SG,22.0,19.0,2.2,5.6,1.2,3.7,0.327,0.532,0.607,0.4,1.6,2.0,0.8,0.2,0.2,0.4,6.0
Jon Teske,MEM,C,24.0,3.0,0.0,0.3,0.0,0.0,0.0,0.0,0.0,0.0,0.7,0.7,0.3,0.3,0.0,0.0,0.0
Jonas Valančiūnas,"NOP, MEM",C,30.0,74.0,6.1,11.0,0.5,1.5,0.346,0.594,0.801,3.1,7.6,10.7,2.1,0.5,0.8,1.8,15.3
Jonathan Isaac,ORL,PF,26.0,34.0,2.2,4.8,0.6,1.6,0.388,0.509,0.638,1.4,2.9,4.2,0.5,1.0,0.8,0.4,5.9
Jonathan Kuminga,GSW,"SF, PF",20.0,70.0,4.5,8.5,0.7,2.2,0.342,0.589,0.694,1.0,2.9,3.8,1.7,0.6,0.4,1.4,11.8
Jontay Porter,"TOR, MEM",PF,22.0,18.0,1.1,2.7,0.6,1.5,0.354,0.584,0.716,0.7,1.6,2.2,1.2,0.6,0.4,0.7,3.2
Jordan Bell,"CHI, WAS, 2TM, GSW",C,26.0,3.0,0.6,2.4,0.0,0.2,0.0,0.185,0.25,1.1,2.4,3.4,1.0,0.5,0.8,0.6,1.6
Jordan Bone,ORL,PG,23.0,14.0,1.6,3.9,0.7,2.3,0.313,0.591,0.0,0.3,1.4,1.7,1.3,0.1,0.0,0.2,4.0
Jordan Clarkson,UTA,SG,30.0,66.0,6.6,15.4,2.4,7.4,0.324,0.518,0.855,0.9,2.8,3.7,3.6,0.7,0.2,2.2,18.1
Jordan Ford,SAC,PG,25.0,6.0,0.7,1.2,0.3,0.5,0.667,0.5,1.0,0.0,0.3,0.3,0.3,0.0,0.0,0.2,2.0
Jordan Goodwin,"WAS, PHO, 2TM, MEM","SG, PG",24.0,36.0,2.2,6.0,0.6,2.1,0.244,0.35,0.602,1.2,2.6,3.8,2.4,0.8,0.3,0.8,5.6
Jordan Hall,SAS,SF,21.0,9.0,1.0,3.1,0.3,1.7,0.2,0.462,0.778,0.3,1.0,1.3,1.2,0.1,0.0,0.8,3.1
Jordan Hawkins,NOP,SG,21.0,67.0,2.6,6.8,1.6,4.4,0.366,0.411,0.838,0.4,1.8,2.2,1.0,0.3,0.1,0.6,7.8
Jordan McLaughlin,MIN,PG,26.0,53.0,1.5,3.5,0.6,1.6,0.364,0.507,0.768,0.4,1.2,1.6,3.0,0.8,0.1,0.7,4.0
Jordan Miller,LAC,SF,24.0,8.0,0.6,1.1,0.1,0.3,0.5,0.571,1.0,0.4,0.3,0.6,0.0,0.0,0.0,0.1,1.6
Jordan Nwora,"IND, TOR, MIL, 2TM",SF,24.0,40.0,2.9,6.4,1.1,3.0,0.376,0.495,0.806,0.6,2.5,3.2,1.2,0.4,0.2,1.0,7.7
Jordan Poole,"GSW, WAS","SG, PG",22.0,72.0,5.8,13.5,2.4,7.0,0.344,0.528,0.889,0.4,2.3,2.6,3.7,0.8,0.3,2.2,17.1
Jordan Schakel,WAS,"SF, SG",24.0,3.0,0.4,1.9,0.4,1.0,0.584,0.0,0.5,0.2,0.8,1.0,0.2,0.4,0.0,0.2,1.4
Jordan Walsh,BOS,SF,19.0,9.0,0.7,1.7,0.2,1.0,0.222,0.667,0.5,0.6,1.7,2.2,0.6,0.6,0.1,0.3,1.7
Jose Alvarado,NOP,PG,24.0,57.0,2.7,6.5,1.1,3.2,0.335,0.497,0.722,0.5,1.7,2.2,2.6,1.2,0.2,0.9,7.4
Josh Christopher,HOU,SG,20.0,69.0,2.7,5.9,0.6,2.0,0.266,0.545,0.742,0.5,1.3,1.8,1.6,0.7,0.2,1.2,6.8
Josh Giddey,OKC,"SG, SF, PF",20.0,70.0,5.8,12.6,1.0,3.3,0.308,0.515,0.749,1.7,5.6,7.4,5.8,0.8,0.5,2.7,13.8
Josh Green,DAL,SG,22.0,56.0,2.4,4.8,0.7,2.0,0.326,0.587,0.665,0.8,1.9,2.6,1.5,0.6,0.2,0.8,6.2
Josh Hall,OKC,SF,20.0,21.0,1.4,4.7,0.2,1.8,0.108,0.419,0.5,0.3,2.5,2.8,1.3,0.2,0.0,1.2,4.1
Josh Hart,"NYK, NOP, 2TM, POR","SF, SG",26.0,48.0,4.4,8.7,1.2,3.4,0.359,0.59,0.765,1.4,6.0,7.5,3.8,1.1,0.3,1.7,12.0
Josh Jackson,"SAC, DET, 2TM","SF, SG",24.0,41.0,2.8,7.0,0.7,2.7,0.249,0.492,0.718,0.5,2.4,2.9,1.3,0.6,0.5,1.2,7.8
Josh Minott,MIN,SF,20.0,24.0,0.8,1.8,0.1,0.4,0.367,0.516,0.928,0.2,0.8,1.1,0.3,0.2,0.3,0.2,2.4
Josh Okogie,"PHO, MIN",SG,24.0,60.0,1.6,3.9,0.6,1.8,0.303,0.486,0.731,1.1,1.4,2.5,1.0,0.8,0.4,0.7,5.0
Josh Richardson,"SAS, 2TM, BOS, MIA, NOP, DAL",SG,28.0,45.0,3.7,8.5,1.6,4.2,0.38,0.489,0.882,0.6,2.2,2.8,2.3,1.0,0.4,1.1,10.3
Joshua Primo,"SAS, LAC","SF, SG",20.0,19.0,1.6,4.5,0.5,2.1,0.186,0.458,0.508,0.5,1.5,2.0,2.0,0.2,0.5,2.0,4.6
Jrue Holiday,"BOS, MIL",PG,32.0,66.0,6.6,13.4,2.1,5.1,0.404,0.544,0.81,1.2,3.7,4.9,6.3,1.3,0.6,2.4,17.0
Juan Toscano-Anderson,"2TM, GSW, LAL, UTA, SAC","SF, SG",29.0,40.0,1.3,2.8,0.3,1.0,0.256,0.541,0.616,0.5,2.1,2.6,1.5,0.4,0.2,0.7,3.2
Juancho Hernangómez,"SAS, BOS, 3TM, MIN, TOR, UTA",PF,26.0,29.0,1.3,3.0,0.6,1.8,0.256,0.55,0.606,0.7,2.2,2.9,0.6,0.4,0.2,0.4,3.7
Jules Bernard,WAS,SG,24.0,19.0,1.5,3.4,0.6,1.5,0.379,0.514,0.556,0.5,0.8,1.4,0.8,0.2,0.1,0.4,3.9
Julian Champagnie,"SAS, PHI, 2TM",SF,21.0,27.0,2.4,5.6,1.4,3.6,0.294,0.4,0.616,0.5,2.1,2.6,0.7,0.4,0.3,0.5,6.9
Julian Phillips,CHI,SF,20.0,40.0,0.8,1.9,0.3,1.0,0.316,0.513,0.684,0.3,0.6,0.9,0.3,0.2,0.2,0.3,2.2
Julian Strawther,DEN,SF,21.0,50.0,1.6,4.4,0.8,2.8,0.297,0.488,0.71,0.1,1.1,1.2,0.9,0.3,0.1,0.5,4.5
Julius Randle,NYK,PF,28.0,66.0,8.2,18.2,2.1,6.1,0.343,0.506,0.776,1.7,8.1,9.8,5.0,0.7,0.4,3.3,23.3
Justin Anderson,"IND, CLE, 2TM",SF,28.0,11.0,2.0,5.1,0.9,3.3,0.277,0.714,0.78,0.2,2.5,2.7,2.1,0.4,0.3,0.6,5.8
Justin Champagnie,"BOS, TOR, WAS, 2TM",SF,21.0,12.0,1.2,3.4,0.4,1.5,0.209,0.531,0.36,0.8,1.3,2.1,0.8,0.3,0.1,0.2,3.0
Justin Holiday,"IND, 2TM, DEN, ATL, DAL, SAC","SF, SG",32.0,46.0,2.5,6.5,1.7,4.6,0.353,0.494,0.648,0.3,1.8,2.0,1.3,0.7,0.4,0.6,7.2
Justin Jackson,"2TM, BOS, MIL, PHO, MIN, OKC",SF,26.0,13.0,1.2,3.6,0.6,2.1,0.233,0.297,0.587,0.4,1.3,1.7,0.6,0.1,0.0,0.4,3.8
Justin James,SAC,SF,24.0,36.0,1.4,3.1,0.4,1.1,0.368,0.521,0.583,0.3,0.6,0.8,0.6,0.2,0.1,0.4,3.9
Justin Minaya,POR,SF,24.0,19.0,1.2,4.0,0.6,2.2,0.248,0.382,0.278,0.8,1.9,2.7,0.8,0.4,0.8,0.6,3.0
Justin Patton,HOU,C,23.0,13.0,2.2,5.4,0.7,2.6,0.265,0.556,0.75,1.1,2.7,3.8,1.1,0.9,1.1,0.3,5.4
Justin Robinson,"DET, MIL, 3TM, OKC, SAC",PG,24.0,12.0,1.0,3.5,0.7,2.3,0.246,0.297,0.487,0.2,0.7,0.8,1.2,0.3,0.0,0.6,2.9
Justise Winslow,"LAC, POR, 2TM, MEM","SF, PF",25.0,30.0,2.8,6.9,0.4,1.9,0.233,0.466,0.609,1.2,3.5,4.7,2.3,0.8,0.5,1.2,6.8
Jusuf Nurkić,"POR, PHO",C,28.0,55.0,4.9,9.4,0.4,1.3,0.318,0.552,0.652,2.6,7.4,10.0,3.3,1.0,0.9,2.3,12.7
Juwan Morgan,"BOS, UTA, TOR, 2TM",PF,24.0,8.0,0.9,1.4,0.4,0.8,0.327,0.647,0.107,0.8,0.9,1.8,0.4,0.0,0.0,0.0,2.2
KJ Martin,"HOU, PHI, LAC, 2TM",SF,22.0,54.0,2.9,5.6,0.5,1.7,0.304,0.605,0.6,1.0,2.4,3.4,1.0,0.5,0.4,0.8,7.2
KZ Okpala,"MIA, SAC",PF,22.0,31.0,1.0,2.3,0.3,1.1,0.306,0.513,0.712,0.4,1.2,1.6,0.5,0.2,0.3,0.3,2.5
Kai Jones,CHO,C,22.0,34.0,1.0,1.6,0.0,0.2,0.356,0.646,0.553,0.4,1.2,1.6,0.2,0.2,0.4,0.5,2.2
Kaiser Gates,NOP,SF,27.0,1.0,0.0,4.0,0.0,2.0,0.0,0.0,0.0,0.0,1.0,1.0,0.0,0.0,0.0,0.0,0.0
Karim Mané,ORL,PG,20.0,10.0,0.3,1.3,0.1,0.2,0.5,0.182,0.8,0.1,1.3,1.4,0.4,0.0,0.2,0.3,1.1
Karl-Anthony Towns,MIN,"PF, C",26.0,54.0,8.0,16.0,2.2,5.6,0.395,0.562,0.857,2.1,7.1,9.2,4.0,0.8,0.9,3.0,23.0
Kawhi Leonard,LAC,SF,31.0,57.0,8.8,17.1,2.0,4.9,0.41,0.559,0.88,1.1,5.2,6.4,4.2,1.5,0.6,1.8,24.1
Keegan Murray,SAC,SF,22.0,78.0,5.1,11.2,2.5,6.4,0.384,0.544,0.798,1.2,3.8,5.0,1.4,0.9,0.6,0.8,13.7
Keifer Sykes,IND,PG,28.0,32.0,2.2,5.9,0.8,2.8,0.3,0.42,0.882,0.3,1.2,1.4,1.9,0.4,0.1,1.0,5.6
Keita Bates-Diop,"SAS, BRK, PHO, 2TM","SF, PF",27.0,44.0,1.7,3.6,0.4,1.2,0.302,0.55,0.783,0.6,1.8,2.4,0.8,0.5,0.3,0.4,4.6
Kelan Martin,"IND, 2TM, BOS",SF,26.0,24.0,1.7,4.2,0.6,1.8,0.248,0.374,0.571,0.5,1.2,1.7,0.5,0.3,0.2,0.4,4.1
Keldon Johnson,SAS,SF,22.0,69.0,6.2,13.5,1.7,4.9,0.351,0.524,0.759,1.2,4.5,5.6,2.4,0.7,0.2,1.5,16.9
Keljin Blevins,POR,SF,26.0,24.0,0.7,2.4,0.4,1.4,0.271,0.292,0.272,0.4,0.6,1.0,0.4,0.2,0.0,0.4,1.9
Kelly Olynyk,"HOU, 2TM, MIA, DET, TOR, UTA","PF, C",30.0,50.0,4.2,8.3,1.3,3.5,0.367,0.615,0.822,1.3,4.7,6.0,3.6,1.0,0.5,2.0,11.8
Kelly Oubre Jr.,"GSW, PHI, CHO",SF,26.0,62.0,6.1,13.9,2.0,6.1,0.323,0.531,0.718,1.3,3.7,5.0,1.2,1.1,0.6,1.2,16.5
Kemba Walker,"BOS, DAL, NYK",PG,31.0,30.0,4.4,10.7,1.9,5.6,0.326,0.505,0.851,0.4,2.5,2.9,3.5,0.7,0.2,1.2,13.0
Kendall Brown,IND,SG,20.0,10.0,0.6,1.1,0.0,0.2,0.0,0.641,0.562,0.2,0.4,0.6,0.4,0.4,0.0,0.2,1.4
Kendrick Nunn,"MIA, LAL, WAS, 2TM","SG, PG",26.0,49.0,3.5,7.8,1.4,3.8,0.363,0.516,0.874,0.2,1.7,2.0,1.6,0.5,0.2,1.0,9.0
Kennedy Chandler,MEM,PG,20.0,36.0,1.0,2.3,0.1,0.4,0.133,0.485,0.462,0.3,0.8,1.1,1.6,0.3,0.1,0.5,2.2
Kenneth Lofton Jr.,"UTA, PHI, 3TM, MEM",PF,21.0,13.0,2.1,4.4,0.4,1.3,0.256,0.5,0.52,0.8,1.5,2.3,1.6,0.3,0.2,0.8,5.4
Kenrich Williams,OKC,"SF, PF",28.0,59.0,2.9,5.8,0.8,2.2,0.388,0.563,0.513,1.4,2.8,4.1,2.0,0.8,0.2,0.8,7.0
Kent Bazemore,"LAL, GSW",SF,32.0,53.0,1.9,4.8,0.9,2.4,0.385,0.378,0.728,0.4,2.2,2.6,1.2,0.8,0.4,0.8,5.3
Kentavious Caldwell-Pope,"DEN, LAL, WAS",SG,28.0,74.0,3.8,8.6,1.8,4.5,0.407,0.49,0.868,0.4,2.4,2.8,2.2,1.2,0.4,1.1,11.0
Keon Ellis,SAC,SG,24.0,36.0,1.2,2.6,0.8,1.8,0.458,0.414,0.657,0.4,1.0,1.4,1.0,0.6,0.3,0.4,3.4
Keon Johnson,"BRK, LAC, POR, 2TM",SG,20.0,24.0,2.1,5.9,0.8,2.3,0.341,0.368,0.795,0.5,1.2,1.8,1.6,0.7,0.3,1.1,6.3
Kessler Edwards,"SAC, BRK, 2TM",SF,22.0,35.0,1.1,2.9,0.5,1.6,0.313,0.47,0.68,0.6,1.3,1.8,0.5,0.4,0.2,0.4,3.1
Kevin Durant,"BRK, PHO, 2TM",PF,34.0,43.0,10.0,18.3,2.2,5.2,0.427,0.59,0.889,0.4,6.4,6.8,5.1,0.7,1.3,3.2,28.1
Kevin Huerter,"ATL, SAC","SF, SG",24.0,70.0,4.7,10.3,2.2,5.8,0.379,0.554,0.77,0.6,2.9,3.4,2.9,0.9,0.4,1.1,12.4
Kevin Knox,"2TM, DET, POR, ATL, NYK","SF, PF",22.0,32.0,1.8,4.4,0.8,2.5,0.323,0.538,0.773,0.5,1.6,2.1,0.5,0.3,0.1,0.5,5.2
Kevin Love,"MIA, CLE, 2TM","PF, C",34.0,46.0,3.2,7.9,1.8,5.2,0.348,0.538,0.846,1.0,5.7,6.6,2.1,0.4,0.2,1.2,9.8
Kevin Pangos,CLE,PG,29.0,24.0,0.6,1.9,0.3,1.1,0.231,0.45,0.75,0.1,0.4,0.5,1.3,0.1,0.0,0.3,1.6
Kevin Porter Jr.,HOU,"SG, PG",21.0,49.0,6.0,14.1,2.3,6.5,0.351,0.491,0.72,0.9,3.6,4.5,6.1,1.1,0.3,3.3,17.1
Kevon Harris,ORL,SG,26.0,18.0,1.2,2.3,0.2,0.6,0.186,0.576,0.378,0.4,1.1,1.6,0.5,0.2,0.0,0.6,3.0
Kevon Looney,GSW,C,26.0,75.0,2.3,3.8,0.0,0.1,0.059,0.595,0.632,2.4,4.4,6.9,2.1,0.5,0.5,0.6,5.4
Keyontae Johnson,OKC,SF,23.0,9.0,0.6,1.8,0.1,0.3,0.333,0.308,0.0,0.4,0.7,1.1,0.4,0.1,0.0,0.4,1.2
Keyonte George,UTA,PG,20.0,75.0,4.3,10.9,2.0,5.9,0.334,0.459,0.848,0.2,2.6,2.8,4.4,0.5,0.1,2.5,13.0
Khem Birch,"TOR, 2TM, ORL",C,29.0,42.0,2.5,4.9,0.2,0.6,0.246,0.55,0.726,2.1,2.7,4.8,1.1,0.6,0.7,0.6,6.2
Khris Middleton,MIL,SF,30.0,56.0,6.4,13.8,2.0,5.4,0.371,0.52,0.881,0.7,4.3,5.1,5.2,1.0,0.2,2.5,17.7
Khyri Thomas,HOU,SG,24.0,5.0,6.4,13.2,1.8,5.4,0.333,0.59,1.0,1.4,2.2,3.6,5.0,1.8,1.2,1.2,16.4
Killian Hayes,DET,PG,20.0,52.0,3.0,8.0,0.8,2.7,0.28,0.433,0.769,0.4,2.5,2.9,5.2,1.1,0.4,2.1,7.7
Killian Tillie,MEM,C,22.0,27.0,1.2,3.4,0.7,2.1,0.308,0.382,0.722,0.4,1.0,1.5,0.5,0.4,0.4,0.2,3.2
Kira Lewis Jr.,"UTA, TOR, NOP, 3TM",PG,21.0,23.0,1.5,3.7,0.3,1.4,0.196,0.42,0.725,0.3,0.8,1.0,1.3,0.4,0.1,0.5,3.8
Klay Thompson,GSW,"SF, SG",32.0,59.0,7.3,16.9,3.8,9.6,0.395,0.483,0.903,0.5,3.3,3.8,2.5,0.6,0.5,1.5,20.1
Kobe Brown,LAC,PF,24.0,44.0,0.8,2.0,0.3,1.1,0.292,0.548,0.5,0.5,1.0,1.4,0.6,0.3,0.1,0.2,2.0
Kobe Bufkin,ATL,SG,20.0,17.0,2.0,5.4,0.5,2.4,0.225,0.481,0.5,0.4,1.6,1.9,1.6,0.4,0.3,0.6,4.8
Kobi Simmons,"TOR, CHO","SG, PG",26.0,4.0,1.2,3.2,0.4,1.5,0.225,0.269,0.5,0.2,1.0,1.3,2.0,0.8,0.4,0.2,3.0
Kostas Antetokounmpo,LAL,PF,23.0,15.0,0.2,0.7,0.0,0.0,0.0,0.3,0.462,0.3,1.0,1.3,0.1,0.1,0.3,0.7,0.8
Kris Dunn,"UTA, ATL, POR",PG,28.0,26.0,2.7,6.2,0.4,1.2,0.233,0.412,0.789,0.4,2.6,3.1,3.9,1.0,0.4,1.5,6.9
Kris Murray,POR,SF,23.0,62.0,2.3,5.9,0.8,3.0,0.268,0.525,0.661,1.4,2.2,3.6,1.3,0.9,0.3,0.9,6.1
Kristaps Porziņģis,"BOS, DAL, WAS, 2TM","PF, C",26.0,44.0,7.2,15.0,1.8,5.2,0.349,0.549,0.861,1.9,6.3,8.2,2.2,0.7,1.6,1.6,20.8
Kyle Anderson,"MEM, MIN",PF,28.0,72.0,3.4,7.2,0.6,1.9,0.332,0.511,0.716,0.9,4.1,5.0,3.9,1.1,0.8,1.2,9.0
Kyle Guy,"MIA, SAC","SG, PG",24.0,25.0,1.2,3.1,0.6,1.8,0.316,0.43,0.734,0.2,0.8,1.0,1.0,0.3,0.0,0.6,3.4
Kyle Kuzma,"LAL, WAS","SF, PF",26.0,67.0,7.0,15.5,2.2,6.3,0.343,0.528,0.727,1.1,6.0,7.1,3.3,0.6,0.7,2.5,18.4
Kyle Lowry,"MIA, TOR, PHI, 2TM",PG,36.0,47.0,3.6,8.4,2.0,5.2,0.383,0.513,0.851,0.6,3.3,3.9,5.4,1.0,0.4,1.9,11.0
Kyrie Irving,"DAL, BRK, 2TM","SG, PG",30.0,44.0,9.9,20.1,3.1,7.8,0.396,0.556,0.913,0.9,4.0,4.9,5.6,1.2,0.7,2.2,26.8
LaMarcus Aldridge,"SAS, BRK, 2TM",C,35.0,25.0,5.3,10.6,0.9,2.2,0.463,0.52,0.896,0.9,4.0,4.8,1.8,0.4,1.3,1.1,13.2
LaMelo Ball,CHO,PG,20.0,46.0,7.4,17.3,3.0,8.0,0.368,0.475,0.833,1.3,4.8,6.0,7.5,1.6,0.3,3.4,20.8
Lamar Stevens,"BOS, CLE, 2TM, MEM","SF, PF",25.0,40.0,2.4,5.4,0.4,1.1,0.287,0.506,0.738,0.8,2.2,3.0,0.7,0.5,0.4,0.6,6.2
Lance Stephenson,"IND, ATL, 2TM","SG, PG",31.0,31.0,2.5,5.7,0.4,1.6,0.203,0.51,0.694,0.3,2.4,2.7,3.1,0.4,0.1,1.3,6.5
Landry Shamet,"WAS, BRK, PHO",SG,24.0,54.0,2.8,7.0,1.8,4.7,0.368,0.461,0.848,0.2,1.4,1.6,1.7,0.5,0.2,0.8,8.4
Langston Galloway,"MIL, BRK, PHO, 2TM",SG,30.0,14.0,1.0,3.8,0.4,2.3,0.2,0.421,0.239,0.4,1.9,2.2,1.5,0.2,0.0,0.7,2.6
Larry Nance Jr.,"CLE, POR, 2TM, NOP","PF, C",29.0,42.0,2.9,5.4,0.5,1.5,0.374,0.601,0.739,1.6,3.9,5.4,1.9,1.0,0.5,0.9,7.2
Lauri Markkanen,"CHI, CLE, UTA","SF, PF",24.0,58.0,6.6,13.8,2.7,6.9,0.388,0.568,0.867,1.5,5.5,7.0,1.5,0.7,0.5,1.3,19.3
LeBron James,LAL,"C, PF, PG",38.0,57.0,10.4,20.0,2.4,6.6,0.364,0.596,0.743,1.0,6.9,7.9,7.3,1.2,0.7,3.5,27.5
League Average,0,0,0.0,0.0,0.0,0.0,0.0,0.0,0.362,0.539,0.78,0.0,0.0,0.0,0.0,0.0,0.0,0.0,0.0
Leaky Black,CHO,SF,24.0,26.0,1.0,2.0,0.3,0.8,0.45,0.5,0.667,0.3,1.5,1.8,0.9,0.3,0.4,0.2,2.7
Leandro Bolmaro,"UTA, MIN",SF,22.0,24.0,0.4,1.4,0.0,0.4,0.139,0.26,0.423,0.4,0.5,0.8,0.6,0.2,0.0,0.4,0.9
Leonard Miller,MIN,SF,20.0,17.0,0.8,1.2,0.1,0.3,0.4,0.733,0.5,0.3,0.9,1.2,0.5,0.1,0.1,0.1,1.7
Lester Quiñones,GSW,SG,22.0,20.0,1.0,2.6,0.7,1.7,0.432,0.226,0.678,0.4,1.0,1.4,0.8,0.2,0.0,0.9,3.4
Lindell Wigginton,MIL,PG,24.0,10.0,1.6,3.4,0.5,1.6,0.226,0.595,0.811,0.1,0.7,0.8,1.1,0.1,0.1,0.9,4.4
Lindy Waters III,OKC,SG,25.0,35.0,1.9,4.7,1.5,4.0,0.385,0.668,0.867,0.3,1.7,1.9,0.8,0.4,0.3,0.3,5.6
Lonnie Walker IV,"SAS, LAL, BRK",SG,24.0,61.0,4.1,9.8,1.7,4.7,0.354,0.489,0.805,0.2,2.1,2.3,1.6,0.6,0.3,1.0,11.2
Lonzo Ball,"CHI, NOP",PG,24.0,45.0,4.9,11.8,3.1,7.8,0.4,0.452,0.766,0.8,4.3,5.1,5.4,1.6,0.8,2.2,13.8
Lou Williams,"ATL, LAC, 2TM",PG,34.0,47.0,3.5,8.7,1.0,2.4,0.396,0.406,0.865,0.3,1.6,2.0,3.0,0.6,0.1,1.5,9.9
Louis King,"PHI, SAC","SF, PF",22.0,6.0,4.1,7.8,1.8,4.2,0.387,0.572,0.567,0.9,1.8,2.7,1.5,0.8,0.2,0.9,10.6
Luguentz Dort,OKC,"SF, SG",22.0,64.0,4.7,11.6,2.1,6.1,0.35,0.466,0.796,1.0,3.0,4.0,1.7,0.9,0.4,1.3,14.0
Luka Dončić,DAL,PG,22.0,67.0,10.5,21.9,3.2,9.0,0.357,0.564,0.75,0.8,7.9,8.7,8.8,1.2,0.5,4.1,30.6
Luka Garza,"DET, MIN",C,24.0,28.0,1.9,3.9,0.5,1.4,0.322,0.591,0.71,1.3,1.0,2.2,0.5,0.2,0.1,0.4,5.4
Luka Šamanić,"SAS, UTA",PF,23.0,28.0,2.2,5.0,0.6,2.4,0.247,0.586,0.677,0.3,2.6,2.9,1.0,0.4,0.2,0.9,5.9
Luke Kennard,"LAC, 2TM, MEM",SG,26.0,48.0,3.4,7.2,2.4,5.0,0.471,0.476,0.912,0.3,2.6,2.8,2.0,0.5,0.1,0.9,9.9
Luke Kornet,"2TM, BOS, MIL, 3TM, CLE, CHI",C,26.0,25.0,1.1,2.5,0.2,0.8,0.222,0.563,0.581,0.9,1.3,2.2,0.7,0.2,0.6,0.1,2.8
M.J. Walker,PHO,SG,23.0,2.0,0.0,2.0,0.0,1.0,0.0,0.0,0.0,0.0,0.5,0.5,0.5,1.0,0.0,0.0,0.0
Mac McClung,"LAL, CHI, PHI, 2TM","SG, PG",23.0,2.0,2.2,4.8,0.9,2.5,0.258,0.681,0.65,0.4,2.0,2.4,1.5,0.4,0.4,1.5,6.1
Malachi Flynn,"NYK, TOR, DET, 3TM",PG,24.0,40.0,1.9,4.8,0.8,2.5,0.33,0.468,0.742,0.2,1.4,1.6,1.8,0.5,0.1,0.7,5.3
Malaki Branham,SAS,"SG, PG",20.0,70.0,3.8,8.9,1.2,3.8,0.324,0.516,0.851,0.4,2.0,2.4,2.0,0.4,0.1,1.2,9.7
Malcolm Brogdon,"IND, POR, BOS",PG,30.0,50.0,6.4,14.0,2.1,5.4,0.389,0.495,0.852,0.8,3.8,4.6,5.2,0.8,0.3,1.8,17.7
Malcolm Cazalon,DET,SG,22.0,1.0,0.0,0.0,0.0,0.0,0.0,0.0,0.0,0.0,0.0,0.0,0.0,0.0,0.0,0.0,0.0
Malcolm Hill,"CHI, ATL, 2TM","SF, SG",26.0,11.0,1.2,2.2,0.6,1.5,0.404,0.762,0.621,0.5,1.1,1.6,0.3,0.5,0.2,0.1,3.5
Malik Beasley,"2TM, MIL, MIN, LAL, UTA",SG,26.0,60.0,4.8,11.7,3.0,7.9,0.376,0.484,0.768,0.5,3.1,3.6,1.6,0.7,0.1,1.0,13.4
Malik Fitts,"BOS, UTA, LAC, 2TM",PF,24.0,8.0,0.5,1.2,0.3,0.7,0.5,0.271,0.0,0.1,1.0,1.1,0.2,0.0,0.0,0.1,1.3
Malik Monk,"LAL, SAC, CHO",SG,24.0,67.0,4.8,10.8,2.1,5.5,0.375,0.526,0.833,0.4,2.4,2.8,3.5,0.6,0.3,1.7,13.6
Malik Newman,CLE,PG,24.0,1.0,3.0,5.0,0.0,1.0,0.0,0.75,1.0,0.0,1.0,1.0,1.0,0.0,0.0,1.0,8.0
Malik Williams,TOR,C,25.0,7.0,1.3,4.9,0.1,0.7,0.2,0.276,0.0,2.1,3.3,5.4,0.3,0.4,0.6,0.4,2.7
Mamadi Diakite,"SAS, 2TM, MIL, NYK, CLE, OKC","PF, C",26.0,10.0,1.0,2.0,0.1,0.4,0.076,0.542,0.611,0.5,1.3,1.7,0.4,0.3,0.3,0.3,2.7
MarJon Beauchamp,MIL,SF,22.0,50.0,1.8,4.1,0.8,2.2,0.366,0.522,0.704,0.6,1.6,2.2,0.6,0.4,0.1,0.8,4.8
Marc Gasol,LAL,C,36.0,52.0,1.7,3.7,1.0,2.3,0.41,0.528,0.72,0.7,3.4,4.1,2.1,0.5,1.1,1.0,5.0
Marcus Garrett,MIA,SG,23.0,12.0,0.4,1.8,0.1,0.3,0.25,0.235,0.4,0.8,1.2,1.9,0.6,0.4,0.3,0.2,1.1
Marcus Morris,"PHI, CLE, LAC, 2TM",PF,33.0,46.0,3.6,8.1,1.5,3.7,0.403,0.473,0.796,0.5,2.9,3.4,1.2,0.4,0.3,0.9,9.8
Marcus Sasser,DET,PG,23.0,71.0,3.1,7.2,1.3,3.4,0.375,0.474,0.879,0.2,1.6,1.8,3.3,0.6,0.2,1.3,8.3
Marcus Smart,"BOS, MEM",PG,28.0,50.0,4.4,10.6,1.9,5.8,0.328,0.522,0.774,0.6,2.7,3.3,5.6,1.7,0.4,2.4,12.8
Mark Williams,CHO,C,22.0,31.0,4.4,6.8,0.0,0.0,0.0,0.643,0.705,3.1,5.3,8.4,0.8,0.8,1.0,0.9,10.8
Markelle Fultz,ORL,PG,24.0,32.0,4.8,10.4,0.3,1.2,0.254,0.488,0.795,0.8,2.4,3.2,4.8,1.2,0.3,2.0,11.4
Markieff Morris,"2TM, MIA, BRK, LAL, DAL",PF,33.0,29.0,1.8,4.3,0.8,2.3,0.361,0.458,0.74,0.5,1.9,2.4,1.0,0.3,0.1,0.7,4.8
Marko Simonovic,CHI,C,22.0,8.0,0.4,1.4,0.1,0.6,0.225,0.316,0.613,0.4,0.4,0.7,0.0,0.0,0.0,0.1,1.4
Markquis Nowell,TOR,SG,24.0,1.0,0.0,1.0,0.0,0.0,0.0,0.0,1.0,2.0,0.0,2.0,2.0,1.0,0.0,0.0,2.0
Markus Howard,DEN,SG,22.0,34.0,1.2,3.1,0.7,2.0,0.338,0.446,0.824,0.0,0.4,0.5,0.4,0.2,0.0,0.4,3.4
Marques Bolden,"CLE, MIL, 2TM, CHO",C,24.0,7.0,0.9,1.4,0.0,0.0,0.0,0.437,0.531,0.6,1.5,2.2,0.2,0.2,0.4,0.2,2.2
Marquese Chriss,"DAL, GSW",PF,24.0,18.0,2.2,5.4,0.4,1.6,0.26,0.47,0.584,1.2,3.6,4.8,0.8,0.2,0.7,0.8,5.5
Marvin Bagley III,"WAS, 2TM, DET, SAC","PF, C",23.0,35.0,5.0,9.2,0.4,1.4,0.296,0.583,0.702,2.4,4.3,6.7,1.0,0.5,0.6,1.1,12.1
Mason Jones,"HOU, PHI, 2TM, LAL, SAC",SG,23.0,15.0,1.3,3.0,0.5,1.5,0.352,0.417,0.651,0.3,1.3,1.6,1.1,0.3,0.0,0.6,4.4
Mason Plumlee,"LAC, DET, 2TM, CHO",C,32.0,56.0,3.4,5.2,0.0,0.0,0.0,0.656,0.63,2.4,5.5,7.9,2.7,0.6,0.6,1.4,8.8
Matisse Thybulle,"PHI, POR, 2TM","SF, SG",25.0,56.0,1.8,4.2,0.9,2.6,0.341,0.566,0.675,0.6,1.6,2.2,1.0,1.5,0.8,0.5,4.9
Matt Mooney,NYK,SG,25.0,1.0,0.0,1.0,0.0,1.0,0.0,0.0,0.0,0.0,0.0,0.0,0.0,1.0,0.0,1.0,0.0
Matt Ryan,"2TM, BOS, NOP, MIN, LAL",SF,25.0,19.0,1.3,3.8,1.1,3.2,0.358,0.288,0.684,0.1,0.7,0.8,0.4,0.3,0.0,0.3,3.9
Matt Thomas,"CHI, TOR, UTA, 2TM",SG,26.0,32.0,1.2,3.0,0.7,2.0,0.349,0.476,0.843,0.2,0.9,1.1,0.4,0.1,0.0,0.3,3.4
Matthew Dellavedova,"CLE, SAC",PG,31.0,22.0,0.8,3.0,0.3,1.4,0.246,0.336,0.786,0.2,0.9,1.1,2.9,0.2,0.0,0.4,2.2
Matthew Hurt,MEM,PF,23.0,8.0,1.5,4.3,0.6,2.5,0.25,0.5,1.0,1.1,0.9,2.0,0.5,0.4,0.4,0.3,4.0
Maurice Harkless,"MIA, SAC, 2TM","SF, PF",27.0,30.0,1.7,3.8,0.6,2.0,0.321,0.45,0.572,0.3,1.9,2.2,0.9,0.7,0.5,0.6,4.5
Max Christie,LAL,SG,20.0,54.0,1.3,3.1,0.6,1.6,0.387,0.452,0.829,0.2,1.8,2.0,0.7,0.2,0.2,0.4,3.6
Max Strus,"MIA, CLE",SF,26.0,64.0,3.6,8.4,2.2,6.0,0.362,0.64,0.782,0.5,2.5,3.0,2.0,0.5,0.2,0.9,10.1
Maxi Kleber,DAL,"PF, C",30.0,47.0,2.1,4.9,1.2,3.4,0.358,0.572,0.76,0.9,3.6,4.5,1.4,0.4,0.8,0.7,6.1
Maxwell Lewis,LAL,SF,21.0,34.0,0.1,0.6,0.0,0.3,0.111,0.25,0.667,0.1,0.1,0.1,0.2,0.1,0.0,0.3,0.3
McKinley Wright IV,"DAL, MIN",PG,24.0,16.0,1.0,2.1,0.2,0.7,0.41,0.764,0.342,0.2,0.7,0.8,1.4,0.2,0.1,0.4,2.6
Melvin Frazier,OKC,SG,25.0,3.0,4.3,16.0,0.3,7.0,0.048,0.444,0.714,1.7,2.7,4.3,0.3,0.3,0.0,1.0,10.7
Meyers Leonard,"MIA, MIL",C,29.0,6.0,1.3,2.8,0.9,2.2,0.409,0.318,0.694,0.6,2.3,3.0,0.4,0.1,0.0,0.7,4.0
Mfiondu Kabengele,"BOS, CLE, LAC, 2TM",PF,24.0,20.0,0.8,2.3,0.3,1.2,0.191,0.492,0.855,0.6,1.3,1.9,0.4,0.3,0.2,0.4,2.3
Micah Potter,"UTA, DET","PF, C",24.0,9.0,1.4,2.8,0.4,1.0,0.333,0.611,0.583,0.8,1.9,2.7,0.3,0.2,0.2,0.3,3.6
Michael Carter-Williams,ORL,"SG, PG",30.0,18.0,2.4,6.1,0.4,1.4,0.29,0.443,0.592,0.8,2.1,2.9,3.0,0.6,0.4,1.6,6.6
Michael Foster Jr.,PHI,PF,20.0,1.0,0.0,0.0,0.0,0.0,0.0,0.0,0.0,0.0,0.0,0.0,0.0,0.0,0.0,0.0,0.0
Michael Porter Jr.,DEN,SF,24.0,53.0,6.0,12.8,2.4,6.4,0.366,0.568,0.746,1.2,5.4,6.6,1.4,0.7,0.6,1.2,15.8
Mikal Bridges,"BRK, PHO, 2TM","SF, SG",26.0,67.0,6.6,13.8,2.1,5.4,0.385,0.552,0.862,1.0,3.4,4.4,2.9,1.1,0.6,1.4,18.4
Mike Conley,"UTA, 2TM, MIN",PG,35.0,56.0,4.4,9.9,2.3,5.6,0.405,0.482,0.845,0.6,2.4,2.9,6.1,1.2,0.2,1.6,13.0
Mike James,BRK,PG,30.0,13.0,2.6,7.1,0.8,2.4,0.355,0.377,0.778,0.2,2.2,2.5,4.2,0.5,0.1,1.5,7.7
Mike Muscala,"2TM, BOS, DET, 3TM, OKC, WAS",C,31.0,34.0,1.8,4.3,1.1,2.9,0.334,0.527,0.661,0.6,2.2,2.8,0.7,0.2,0.3,0.4,5.3
Mike Scott,PHI,PF,32.0,51.0,1.5,4.1,1.0,3.0,0.342,0.411,0.667,0.2,2.1,2.4,0.8,0.5,0.3,0.4,4.2
Miles Bridges,CHO,"SF, PF",23.0,72.0,6.8,14.0,2.0,5.6,0.36,0.571,0.831,1.1,5.7,6.8,3.1,0.8,0.7,1.8,18.0
Miles McBride,NYK,PG,22.0,57.0,1.7,4.3,0.9,2.6,0.32,0.448,0.731,0.3,0.9,1.1,1.3,0.6,0.1,0.3,4.7
Mitchell Robinson,NYK,C,24.0,48.0,3.2,4.8,0.0,0.0,0.0,0.665,0.467,4.2,4.4,8.6,0.6,1.0,1.6,0.8,7.4
Miye Oni,UTA,SG,24.0,35.0,0.4,1.2,0.4,1.0,0.233,0.728,0.416,0.2,0.8,1.0,0.4,0.1,0.0,0.2,1.1
Mo Bamba,"LAL, PHI, 2TM, ORL",C,24.0,45.0,2.6,5.3,0.9,2.4,0.365,0.566,0.672,1.5,3.8,5.3,0.8,0.3,1.1,0.8,6.8
Monte Morris,"2TM, DET, MIN, DEN, WAS",PG,27.0,42.0,3.1,6.9,1.0,2.8,0.358,0.485,0.731,0.3,2.0,2.3,3.1,0.6,0.2,0.6,8.0
Montrezl Harrell,"PHI, 2TM, LAL, WAS, CHO",C,28.0,54.0,4.5,7.1,0.0,0.2,0.1,0.644,0.707,2.0,3.4,5.3,1.6,0.4,0.6,0.9,11.5
Moritz Wagner,"BOS, WAS, 3TM, ORL",C,24.0,41.0,2.8,5.7,0.8,2.3,0.332,0.544,0.778,0.8,2.8,3.7,1.2,0.5,0.3,1.0,8.1
Moses Brown,"2TM, BRK, POR, CLE, LAC, OKC, DAL",C,22.0,27.0,1.7,2.9,0.0,0.0,0.0,0.512,0.45,1.5,2.5,4.0,0.1,0.3,0.4,0.5,4.3
Moses Moody,GSW,SG,20.0,60.0,2.0,4.5,0.9,2.4,0.362,0.581,0.754,0.6,1.5,2.1,0.7,0.3,0.2,0.5,5.8
Moses Wright,"DAL, LAC, 2TM",PF,23.0,3.0,0.2,0.8,0.0,0.2,0.0,0.222,0.667,0.2,0.4,0.6,0.6,0.0,0.2,0.0,1.0
Mouhamadou Gueye,TOR,PF,25.0,11.0,1.0,3.5,0.0,0.3,0.0,0.314,0.444,1.1,1.0,2.1,0.5,0.3,1.6,1.1,2.4
Mouhamed Gueye,ATL,PF,21.0,6.0,1.3,3.8,0.5,1.5,0.333,0.357,0.833,1.7,2.0,3.7,0.7,0.8,0.7,0.2,4.0
Moussa Diabaté,LAC,C,22.0,16.0,1.0,1.9,0.0,0.0,0.25,0.518,0.634,1.4,0.8,2.2,0.3,0.4,0.2,0.3,2.7
Mychal Mulder,"MIA, GSW, 2TM, ORL",PG,27.0,24.0,1.7,4.6,1.3,3.5,0.374,0.326,0.909,0.1,1.2,1.3,0.5,0.2,0.2,0.3,5.1
Myles Powell,PHI,PG,24.0,11.0,0.5,1.5,0.1,0.5,0.167,0.364,1.0,0.1,0.5,0.5,0.3,0.1,0.0,0.3,1.2
Myles Turner,IND,C,26.0,57.0,5.5,10.6,1.5,4.2,0.35,0.63,0.772,1.4,5.6,7.0,1.2,0.7,2.6,1.4,15.2
Mãozinha Pereira,MEM,SF,23.0,7.0,2.6,5.0,0.7,1.9,0.385,0.591,0.7,1.6,3.7,5.3,0.3,0.9,0.6,0.7,6.9
Naji Marshall,NOP,SF,24.0,58.0,2.6,6.1,0.8,2.4,0.31,0.497,0.771,0.6,3.0,3.6,2.1,0.7,0.2,1.1,7.4
Nassir Little,"POR, PHO","SF, PF",22.0,47.0,2.2,4.8,0.8,2.5,0.337,0.588,0.775,0.7,2.4,3.2,0.8,0.3,0.4,0.6,6.1
Nate Darling,CHO,SG,22.0,7.0,0.3,1.0,0.3,1.0,0.286,0.0,1.0,0.1,0.0,0.1,0.1,0.0,0.1,0.1,1.3
Nate Hinton,"IND, DAL, HOU",SG,22.0,13.0,0.5,1.4,0.2,0.6,0.237,0.27,0.5,0.2,0.5,0.6,0.4,0.2,0.1,0.3,1.4
Nathan Knight,"ATL, MIN","PF, C",24.0,36.0,1.2,2.5,0.2,0.7,0.285,0.551,0.739,0.8,1.2,2.0,0.4,0.3,0.2,0.5,3.7
Nathan Mensah,CHO,C,25.0,25.0,0.5,1.1,0.0,0.0,0.0,0.429,0.75,1.2,1.4,2.6,0.4,0.2,0.6,0.6,1.3
Naz Reid,MIN,"PF, C",22.0,74.0,4.2,8.4,1.2,3.2,0.364,0.588,0.718,1.1,3.5,4.6,1.1,0.6,0.9,1.2,11.1
Neemias Queta,"BOS, SAC",C,23.0,16.0,1.6,2.7,0.0,0.0,0.0,0.586,0.454,1.3,1.6,2.9,0.4,0.2,0.6,0.4,3.6
Nemanja Bjelica,"SAC, GSW, 2TM, MIA","PF, C",32.0,36.0,2.3,5.0,0.8,2.3,0.336,0.55,0.693,0.8,2.7,3.4,2.0,0.5,0.2,0.9,6.2
Nerlens Noel,"NYK, BRK, DET, 2TM",C,27.0,25.0,1.1,2.4,0.0,0.1,0.2,0.419,0.656,1.2,2.8,4.1,0.7,1.0,1.0,1.0,2.8
Nic Claxton,BRK,C,22.0,56.0,4.3,6.5,0.0,0.1,0.1,0.663,0.539,2.1,5.4,7.5,1.4,0.7,1.8,1.0,9.9
Nick Richards,CHO,"PF, C",24.0,50.0,2.1,3.2,0.0,0.0,0.25,0.622,0.705,1.4,2.8,4.2,0.4,0.2,0.6,0.7,5.4
Nick Smith Jr.,CHO,SG,19.0,51.0,2.2,5.7,1.2,2.9,0.432,0.35,0.867,0.4,1.1,1.4,1.2,0.2,0.1,0.8,5.9
Nickeil Alexander-Walker,"UTA, NOP, 2TM, MIN",SG,24.0,47.0,2.9,7.2,1.3,3.8,0.351,0.472,0.736,0.4,1.9,2.2,2.0,0.6,0.4,1.1,8.0
Nico Mannion,GSW,PG,19.0,30.0,1.3,3.8,0.7,2.0,0.367,0.315,0.821,0.2,1.3,1.5,2.3,0.5,0.0,1.0,4.1
Nicolas Batum,"PHI, LAC, 2TM","SF, PF",34.0,54.0,2.2,4.8,1.3,3.5,0.379,0.659,0.604,0.7,3.2,3.9,1.9,0.9,0.7,0.6,6.0
Nicolò Melli,"DAL, NOP, 2TM",PF,30.0,30.0,1.0,3.1,0.5,1.9,0.264,0.405,0.78,0.6,2.1,2.7,1.0,0.3,0.1,0.3,3.0
Nik Stauskas,"MIA, 2TM, BOS",SG,28.0,5.0,0.8,2.3,0.6,1.4,0.411,0.167,0.639,0.2,0.4,0.6,0.3,0.0,0.0,0.1,3.0
Nikola Jokić,DEN,C,26.0,74.0,10.1,17.1,1.1,3.1,0.367,0.64,0.829,2.7,9.5,12.2,8.8,1.4,0.8,3.4,26.1
Nikola Jović,MIA,PF,20.0,30.0,2.3,5.4,1.0,2.9,0.314,0.556,0.824,0.6,2.6,3.2,1.4,0.5,0.2,0.8,6.6
Nikola Vučević,"CHI, 2TM, ORL",C,31.0,62.0,8.5,17.5,1.9,5.2,0.358,0.536,0.826,2.2,9.1,11.2,3.5,0.9,0.8,1.8,20.4
Noah Clowney,BRK,PF,19.0,23.0,2.2,4.0,0.5,1.4,0.364,0.633,0.7,1.1,2.4,3.5,0.8,0.3,0.7,0.7,5.8
Noah Vonleh,"BOS, BRK",C,26.0,14.0,0.2,0.9,0.0,0.4,0.125,0.25,0.5,0.4,0.8,1.2,0.3,0.0,0.2,0.5,0.6
Norman Powell,"TOR, LAC, POR, 2TM","SF, SG",28.0,46.0,6.0,12.7,2.3,5.5,0.426,0.516,0.841,0.5,2.5,3.0,1.9,0.9,0.4,1.5,18.2
Norvel Pelle,"BRK, 3TM, NYK, UTA, SAC",C,27.0,6.0,0.6,1.4,0.0,0.0,0.0,0.455,0.383,0.7,0.9,1.6,0.3,0.0,0.5,0.4,1.9
OG Anunoby,"NYK, TOR, 2TM",SF,25.0,43.0,5.9,12.4,2.2,5.7,0.383,0.559,0.773,1.2,3.6,4.8,2.2,1.5,0.7,1.7,15.6
Obi Toppin,"IND, NYK",PF,24.0,71.0,3.0,5.8,0.9,2.6,0.34,0.646,0.767,0.7,2.5,3.2,1.0,0.4,0.4,0.6,7.7
Ochai Agbaji,"UTA, TOR, 2TM",SG,23.0,54.0,2.5,6.0,0.9,3.0,0.299,0.526,0.708,0.9,1.7,2.7,1.1,0.5,0.5,0.8,6.4
Olivier Sarr,OKC,C,23.0,15.0,1.7,3.1,0.3,0.9,0.302,0.651,0.736,1.2,2.2,3.3,0.5,0.1,0.6,0.5,4.4
Olivier-Maxence Prosper,DAL,PF,21.0,40.0,1.0,2.6,0.3,1.1,0.289,0.458,0.683,0.6,1.4,2.0,0.6,0.2,0.1,0.2,3.0
Omer Yurtseven,"MIA, UTA",C,24.0,38.0,2.1,3.7,0.1,0.5,0.243,0.595,0.712,1.3,2.7,4.1,0.6,0.2,0.3,0.6,4.8
Onuralp Bitim,CHI,SG,24.0,23.0,1.4,3.7,0.5,1.9,0.273,0.5,0.8,0.3,1.1,1.4,0.6,0.1,0.1,0.4,3.5
Onyeka Okongwu,ATL,C,22.0,58.0,3.3,5.1,0.1,0.4,0.16,0.668,0.733,2.2,3.6,5.8,1.0,0.6,1.1,0.8,8.2
Orlando Robinson,MIA,C,22.0,34.0,1.2,2.4,0.1,0.3,0.266,0.528,0.735,1.2,2.0,3.2,0.8,0.3,0.3,0.5,3.2
Oscar Tshiebwe,IND,PF,24.0,8.0,1.3,2.5,0.0,0.0,0.0,0.5,0.75,1.0,1.0,2.0,0.3,0.3,0.1,0.0,3.3
Oshae Brissett,"IND, BOS","SF, PF",24.0,52.0,2.4,5.6,1.0,2.6,0.339,0.503,0.696,1.3,3.0,4.3,0.9,0.6,0.4,0.6,7.4
Otto Porter Jr.,"2TM, ORL, GSW, TOR, CHI","SF, PF",28.0,24.0,2.7,6.2,1.0,2.9,0.326,0.552,0.916,0.8,3.5,4.3,1.4,0.9,0.2,0.5,7.3
Ousmane Dieng,OKC,PF,20.0,36.0,1.7,4.0,0.6,2.3,0.282,0.605,0.764,0.4,1.7,2.1,1.2,0.3,0.2,0.6,4.4
P.J. Tucker,"HOU, PHI, 2TM, MIA, MIL, LAC",PF,36.0,39.0,1.2,3.0,0.7,1.9,0.374,0.374,0.712,1.0,2.8,3.8,0.9,0.7,0.3,0.6,3.4
P.J. Washington,"DAL, 2TM, CHO","PF, C",24.0,58.0,4.8,10.9,1.8,5.3,0.343,0.546,0.702,1.2,4.4,5.6,2.1,1.0,0.9,1.4,12.8
PJ Dozier,"DEN, SAC","SF, SG",25.0,28.0,1.9,4.9,0.6,2.2,0.251,0.458,0.468,0.5,2.1,2.7,1.3,0.5,0.3,0.6,4.8
Paolo Banchero,ORL,PF,20.0,76.0,7.4,16.6,1.4,4.2,0.318,0.482,0.732,1.1,5.8,6.9,4.6,0.8,0.6,3.0,21.3
Paris Bass,PHO,SF,26.0,2.0,1.0,3.0,0.0,1.0,0.0,0.5,1.0,1.0,1.0,2.0,0.0,0.5,0.0,1.0,3.0
Pascal Siakam,"IND, TOR, 2TM",PF,28.0,59.0,8.5,16.9,1.2,3.5,0.336,0.551,0.756,1.8,5.7,7.4,4.8,1.0,0.5,2.1,22.3
Pat Connaughton,MIL,"SF, SG",30.0,68.0,2.6,6.2,1.6,4.5,0.362,0.606,0.756,0.8,3.4,4.2,1.5,0.7,0.2,0.5,7.5
Pat Spencer,GSW,PG,27.0,6.0,0.3,0.7,0.0,0.3,0.0,1.0,0.0,0.3,0.3,0.7,0.8,0.0,0.0,0.2,0.7
Patrick Baldwin Jr.,"GSW, WAS",SF,20.0,34.0,1.5,3.8,0.9,2.7,0.351,0.462,0.673,0.2,2.0,2.2,0.6,0.4,0.2,0.4,4.2
Patrick Beverley,"PHI, 2TM, MIL, MIN, LAL, LAC, CHI","SG, PG",34.0,47.0,2.3,5.6,1.1,3.3,0.344,0.5,0.755,0.8,2.9,3.6,3.0,0.8,0.6,0.9,6.7
Patrick McCaw,TOR,SF,25.0,5.0,0.2,0.2,0.0,0.0,0.0,1.0,1.0,0.2,0.4,0.6,0.8,0.4,0.0,0.0,1.0
Patrick Patterson,LAC,PF,31.0,38.0,1.9,4.3,1.1,2.9,0.357,0.604,0.765,0.5,1.5,2.0,0.8,0.4,0.2,0.3,5.2
Patrick Williams,CHI,PF,20.0,53.0,3.6,7.5,1.1,2.6,0.43,0.505,0.776,1.0,3.2,4.1,1.2,0.8,0.7,1.2,9.6
Patty Mills,"SAS, 2TM, MIA, BRK, ATL","SG, PG",34.0,42.0,2.4,6.2,1.4,4.2,0.334,0.478,0.76,0.3,1.1,1.3,1.6,0.6,0.1,0.7,6.8
Paul George,LAC,"SF, PF",32.0,54.0,8.2,18.2,3.0,7.9,0.387,0.505,0.876,0.6,5.6,6.2,4.9,1.6,0.4,3.2,23.5
Paul Millsap,"DEN, PHI, BRK, 2TM","PF, C",36.0,30.0,1.9,4.4,0.4,1.4,0.261,0.49,0.713,1.3,2.4,3.7,1.1,0.5,0.4,0.7,4.9
Paul Reed,PHI,"PF, C",22.0,54.0,2.0,3.6,0.1,0.3,0.196,0.586,0.598,1.6,2.1,3.6,0.6,0.7,0.6,0.6,4.5
Paul Watson,"TOR, OKC",SF,26.0,18.0,1.4,3.4,0.9,2.6,0.35,0.556,0.562,0.2,2.1,2.4,0.8,0.2,0.2,0.4,3.8
Payton Pritchard,BOS,"SG, PG",24.0,67.0,2.7,6.1,1.5,3.8,0.393,0.508,0.865,0.6,1.8,2.3,2.1,0.4,0.1,0.7,7.3
Pete Nance,CLE,PF,23.0,8.0,0.1,0.8,0.1,0.1,1.0,0.0,0.0,0.0,0.4,0.4,0.0,0.1,0.0,0.1,0.4
Petr Cornelie,DEN,PF,26.0,13.0,0.4,1.2,0.1,0.6,0.125,0.571,0.75,0.5,0.5,1.1,0.2,0.1,0.1,0.3,1.1
Peyton Watson,DEN,"SF, SG",20.0,52.0,2.0,4.1,0.4,1.2,0.362,0.532,0.61,0.5,1.9,2.4,0.8,0.3,0.8,0.5,5.0
Precious Achiuwa,"MIA, NYK, TOR, 2TM","PF, C",23.0,56.0,3.1,6.4,0.4,1.4,0.239,0.541,0.606,2.1,3.8,5.9,1.1,0.5,0.7,1.1,7.7
Quentin Grimes,"NYK, DET, 2TM",SG,22.0,44.0,2.5,6.7,1.6,4.8,0.322,0.49,0.77,0.4,1.8,2.2,1.6,0.7,0.3,0.8,7.4
Quenton Jackson,"IND, WAS",PG,24.0,6.0,1.0,2.5,0.0,0.6,0.042,0.3,0.887,0.1,1.0,1.1,1.2,0.4,0.0,0.2,3.4
Quinn Cook,"LAL, CLE, 2TM",PG,27.0,15.0,1.5,3.5,0.6,1.3,0.423,0.449,0.892,0.1,0.8,0.9,1.0,0.2,0.0,0.4,3.8
Quinndary Weatherspoon,"SAS, GSW",SG,24.0,16.0,1.0,1.8,0.1,0.4,0.184,0.602,0.906,0.2,0.8,1.0,0.4,0.2,0.1,0.4,2.5
R.J. Hampton,"2TM, ORL, MIA, DET, DEN","SG, PG",20.0,34.0,2.2,5.3,0.7,2.1,0.305,0.482,0.684,0.4,2.1,2.5,1.5,0.4,0.2,0.9,6.1
RJ Barrett,"NYK, TOR, 2TM","SF, SG",22.0,55.0,7.1,15.6,1.7,4.8,0.356,0.503,0.729,0.9,4.5,5.4,3.1,0.5,0.3,2.1,19.6
RJ Nembhard Jr.,CLE,SG,22.0,14.0,0.4,1.3,0.0,0.1,0.0,0.375,0.75,0.2,0.3,0.5,0.9,0.1,0.0,0.2,1.1
RaiQuan Gray,"SAS, BRK",PF,24.0,2.0,4.6,8.8,1.5,3.6,0.414,0.636,0.5,1.8,3.8,5.6,4.5,0.2,0.6,2.2,11.8
Rajon Rondo,"2TM, LAL, ATL, LAC, CLE",PG,34.0,28.0,1.9,4.7,0.8,2.2,0.372,0.444,0.737,0.4,2.2,2.6,4.4,0.8,0.1,1.8,5.2
Raul Neto,"WAS, CLE",PG,29.0,61.0,2.5,5.2,0.6,1.7,0.323,0.567,0.854,0.3,1.5,1.8,2.3,0.8,0.1,0.8,6.5
Ray Spalding,HOU,C,23.0,2.0,1.0,2.0,0.0,0.5,0.0,0.667,0.0,1.0,1.0,2.0,0.0,0.0,1.0,1.5,2.0
Rayan Rupert,POR,SG,19.0,39.0,1.4,4.1,0.7,2.0,0.359,0.313,0.76,0.6,1.7,2.4,1.6,0.3,0.1,0.8,4.0
Rayjon Tucker,"DEN, PHI, MIL, 2TM","SG, PG",24.0,6.0,1.2,1.8,0.7,0.9,0.647,0.409,0.717,0.5,0.9,1.4,1.7,0.7,0.0,0.2,4.0
Reggie Bullock,"HOU, DAL, NYK",SF,30.0,64.0,2.5,6.0,1.8,4.6,0.388,0.525,0.861,0.3,2.8,3.0,1.1,0.6,0.2,0.5,7.2
Reggie Jackson,"DEN, LAC, 2TM","SG, PG",32.0,60.0,4.2,10.2,1.6,4.5,0.347,0.47,0.856,0.4,2.1,2.4,3.6,0.6,0.1,1.6,11.1
Reggie Perry,"IND, BRK, POR, 2TM",PF,21.0,12.0,2.6,5.2,0.2,1.0,0.142,0.665,0.492,1.0,2.4,3.4,0.8,0.5,0.4,0.7,6.0
Richaun Holmes,"DAL, 2TM, WAS, SAC","PF, C",29.0,38.0,3.0,5.0,0.0,0.1,0.312,0.602,0.75,1.8,3.5,5.2,0.8,0.3,0.7,0.8,7.2
Ricky Council IV,PHI,SG,22.0,32.0,1.7,3.5,0.4,1.0,0.375,0.525,0.746,0.4,1.0,1.4,0.5,0.3,0.0,0.2,5.4
Ricky Rubio,"CLE, MIN",PG,31.0,45.0,3.0,8.3,1.1,3.6,0.301,0.415,0.84,0.4,2.8,3.2,5.5,1.2,0.2,1.7,9.0
Rob Edwards,OKC,SG,25.0,2.0,0.5,2.0,0.5,2.0,0.25,0.0,0.0,0.0,1.5,1.5,0.0,0.0,0.0,0.5,1.5
Robert Covington,"PHI, LAC, POR, 2TM","SF, PF",32.0,40.0,2.3,5.4,1.3,3.6,0.361,0.584,0.787,0.9,3.6,4.5,1.3,1.4,1.0,0.7,6.6
Robert Franks,ORL,PF,24.0,7.0,1.9,4.0,0.7,2.1,0.333,0.615,0.923,0.9,1.1,2.0,0.7,0.4,0.4,0.3,6.1
Robert Williams,"BOS, POR",C,24.0,38.0,3.6,5.0,0.0,0.0,0.0,0.718,0.682,2.8,5.0,7.8,1.5,0.9,1.6,1.0,8.2
Robert Woodard II,SAC,SF,22.0,12.0,0.4,1.4,0.1,0.4,0.209,0.292,0.688,0.4,0.7,1.0,0.2,0.0,0.2,0.1,1.0
Robin Lopez,"WAS, CLE, MIL, ORL",C,34.0,40.0,2.2,3.7,0.1,0.3,0.34,0.578,0.774,1.2,1.1,2.2,0.8,0.1,0.4,0.8,5.0
Rodions Kurucs,"HOU, BRK, MIL, 3TM","SF, PF",22.0,10.0,0.6,1.4,0.3,0.9,0.417,0.364,0.562,0.2,0.9,1.1,0.5,0.4,0.2,0.6,1.6
Rodney Hood,"2TM, MIL, POR, TOR, LAC","SF, PF",28.0,36.0,1.3,3.6,0.6,1.8,0.347,0.412,0.862,0.3,1.3,1.6,0.8,0.3,0.1,0.4,3.7
Rodney McGruder,DET,SG,30.0,33.0,2.0,4.5,1.0,2.5,0.426,0.484,0.766,0.6,1.4,2.0,0.9,0.5,0.1,0.4,5.6
Romeo Langford,"BOS, SAS, 2TM",SG,22.0,31.0,1.7,3.9,0.4,1.3,0.246,0.545,0.591,0.7,1.4,2.1,0.6,0.4,0.3,0.4,4.4
Ron Harper Jr.,TOR,PF,22.0,5.0,0.4,0.9,0.2,0.5,0.166,0.357,0.5,0.2,0.2,0.4,0.7,0.0,0.0,0.0,1.1
Rondae Hollis-Jefferson,POR,PF,26.0,11.0,0.8,1.6,0.0,0.1,0.0,0.529,0.563,1.0,1.4,2.4,1.2,0.2,0.4,0.2,2.5
Royce O'Neale,"UTA, BRK, PHO, 2TM",SF,29.0,64.0,2.7,6.6,1.8,4.9,0.379,0.51,0.74,0.8,4.3,5.2,2.8,0.8,0.5,1.0,7.7
Rudy Gay,"SAS, UTA",PF,35.0,58.0,3.0,7.3,1.2,3.5,0.327,0.476,0.815,0.8,3.3,4.0,1.1,0.5,0.4,0.9,8.2
Rudy Gobert,"UTA, MIN",C,30.0,71.0,5.4,8.0,0.0,0.0,0.0,0.681,0.649,3.6,9.6,13.2,1.2,0.7,2.1,1.7,14.3
Rui Hachimura,"LAL, WAS, 2TM",PF,24.0,49.0,4.8,9.7,1.0,2.7,0.358,0.546,0.737,0.8,3.7,4.5,1.1,0.5,0.3,0.9,12.1
Russell Westbrook,"LAL, WAS, LAC, 2TM",PG,34.0,60.0,6.3,14.1,1.1,3.6,0.308,0.494,0.663,1.4,5.4,6.8,7.6,1.1,0.4,3.5,16.6
Ryan Arcidiacono,"NYK, CHI, POR, 2TM",PG,28.0,19.0,0.5,1.7,0.4,1.1,0.308,0.217,0.108,0.0,0.8,0.8,0.9,0.2,0.0,0.3,1.5
Ryan Rollins,"MIL, GSW, WAS, 2TM",PG,21.0,10.0,0.8,1.8,0.2,0.4,0.688,0.336,0.633,0.2,0.8,1.0,0.9,0.6,0.2,0.7,2.6
Saben Lee,"PHI, DET, 2TM, PHO",PG,23.0,26.0,1.7,3.9,0.3,1.0,0.242,0.539,0.615,0.4,1.2,1.6,2.4,0.7,0.1,1.0,4.9
Saddiq Bey,"ATL, DET, 2TM",SF,23.0,62.0,4.6,11.1,2.1,6.0,0.358,0.487,0.849,1.4,3.7,5.1,1.7,0.8,0.2,0.9,13.7
Sam Dekker,TOR,PF,27.0,1.0,0.0,0.0,0.0,0.0,0.0,0.0,0.0,0.0,0.0,0.0,0.0,0.0,0.0,0.0,0.0
Sam Hauser,BOS,SF,25.0,62.0,2.1,4.7,1.7,3.9,0.425,0.627,0.534,0.4,2.0,2.4,0.8,0.3,0.2,0.3,6.0
Sam Merrill,"CLE, MIL, MEM",SG,26.0,26.0,1.7,4.3,1.3,3.7,0.358,0.706,0.857,0.2,1.3,1.5,1.0,0.4,0.0,0.2,5.0
Sandro Mamukelashvili,"SAS, MIL, 2TM","PF, C",23.0,35.0,2.0,4.6,0.6,2.0,0.317,0.529,0.719,1.4,2.3,3.7,1.2,0.3,0.3,0.7,5.4
Santi Aldama,MEM,PF,22.0,57.0,3.0,6.7,1.0,3.3,0.276,0.562,0.665,1.1,3.3,4.4,1.4,0.5,0.6,0.8,7.9
Sasha Vezenkov,SAC,PF,28.0,42.0,2.0,4.5,1.1,2.9,0.375,0.549,0.8,0.7,1.6,2.3,0.5,0.5,0.2,0.3,5.4
Scoot Henderson,POR,PG,19.0,62.0,5.0,12.9,1.4,4.3,0.325,0.416,0.819,0.9,2.3,3.1,5.4,0.8,0.2,3.4,14.0
Scottie Barnes,TOR,"SG, SF, PF",21.0,70.0,6.6,13.8,1.1,3.5,0.308,0.528,0.763,2.4,5.0,7.4,4.8,1.2,1.0,2.2,16.8
Scottie Lewis,CHO,SG,21.0,2.0,0.0,0.0,0.0,0.0,0.0,0.0,0.5,0.0,0.0,0.0,0.5,0.5,0.0,0.0,0.5
Scotty Hopson,OKC,SG,32.0,1.0,2.0,4.0,0.0,1.0,0.0,0.667,0.0,0.0,1.0,1.0,1.0,0.0,0.0,2.0,4.0
Scotty Pippen Jr.,"LAL, MEM",PG,22.0,14.0,2.8,5.8,0.8,2.0,0.375,0.434,0.651,0.6,1.2,2.0,2.5,1.0,0.4,1.5,7.6
Sean McDermott,MEM,SF,24.0,18.0,0.7,1.8,0.3,1.2,0.227,0.727,1.0,0.3,0.7,1.1,0.2,0.1,0.2,0.2,2.2
Sekou Doumbouya,"LAL, DET",PF,20.0,29.0,2.2,4.5,0.5,1.6,0.363,0.576,0.726,0.8,2.0,2.8,0.4,1.0,0.6,0.9,6.0
Semi Ojeleye,"BOS, LAC, MIL, 2TM",PF,27.0,29.0,1.2,3.4,0.6,1.9,0.345,0.36,0.781,0.8,1.7,2.4,0.4,0.2,0.2,0.4,3.7
Serge Ibaka,"LAC, MIL, 2TM",C,32.0,33.0,2.9,5.8,0.7,1.9,0.357,0.571,0.729,1.2,3.5,4.7,0.9,0.2,0.6,0.8,7.1
Seth Curry,"PHI, 2TM, BRK, DAL, CHO",SG,32.0,42.0,3.9,8.4,1.8,4.4,0.398,0.503,0.893,0.3,1.9,2.2,2.3,0.7,0.2,1.0,10.6
Seth Lundy,ATL,SF,23.0,9.0,0.4,1.9,0.3,1.4,0.231,0.25,0.75,0.1,0.7,0.8,0.0,0.0,0.0,0.1,1.6
Shaedon Sharpe,POR,SG,20.0,56.0,4.6,10.8,1.6,4.6,0.347,0.508,0.769,1.0,3.0,4.0,2.0,0.7,0.4,1.6,12.9
Shai Gilgeous-Alexander,OKC,"SG, PG",24.0,58.0,9.4,18.8,1.5,4.1,0.354,0.542,0.849,0.8,4.3,5.0,5.9,1.4,0.8,2.7,27.4
Shake Milton,"PHI, DET, 3TM, MIN, NYK",SG,26.0,41.0,2.6,5.8,0.6,1.8,0.347,0.476,0.831,0.5,1.7,2.3,1.9,0.4,0.2,0.8,6.8
Shaq Buchanan,MEM,SG,25.0,2.0,0.5,2.0,0.0,1.0,0.0,0.5,0.0,0.5,0.5,1.0,1.0,0.5,0.0,1.0,1.0
Shaquille Harrison,"2TM, BRK, POR, MEM, DEN, UTA",SG,28.0,13.0,1.1,3.0,0.2,0.7,0.117,0.425,0.533,0.2,1.7,1.9,1.6,0.7,0.3,0.5,3.0
Sharife Cooper,ATL,PG,20.0,13.0,0.2,1.1,0.1,0.5,0.167,0.25,0.0,0.0,0.4,0.4,0.4,0.0,0.0,0.4,0.5
Sidy Cissoko,SAS,SF,19.0,12.0,1.3,2.8,0.1,1.0,0.083,0.714,0.8,0.7,1.2,1.8,0.8,0.6,0.3,0.3,3.8
Simone Fontecchio,"UTA, DET, 2TM",SF,28.0,46.0,3.7,8.4,1.9,5.0,0.387,0.52,0.815,0.8,2.5,3.3,1.4,0.6,0.3,1.0,10.3
Sindarius Thornwell,"NOP, 2TM, ORL",SG,26.0,14.0,0.8,2.4,0.4,1.2,0.308,0.348,0.389,0.2,0.9,1.1,1.2,0.7,0.1,0.3,2.2
Skylar Mays,"LAL, ATL, POR, 2TM","SG, PG",25.0,24.0,2.2,4.8,0.6,1.7,0.352,0.507,0.704,0.3,1.1,1.4,2.7,0.6,0.1,0.6,5.6
Solomon Hill,ATL,"SF, PF",30.0,42.0,0.8,2.8,0.6,2.0,0.238,0.298,0.38,0.6,1.8,2.4,1.0,0.5,0.2,0.4,2.6
Spencer Dinwiddie,"2TM, BRK, LAL, DAL, WAS","SG, PG",29.0,45.0,4.3,10.2,1.7,4.9,0.345,0.477,0.821,0.4,3.1,3.5,5.2,0.7,0.3,1.5,13.0
Stanley Johnson,"SAS, LAL, TOR","SF, PF",25.0,46.0,2.0,4.4,0.7,1.9,0.364,0.535,0.728,0.6,2.3,3.0,1.8,0.8,0.3,0.9,5.6
Stanley Umude,DET,SG,24.0,12.0,0.8,2.2,0.5,1.6,0.226,0.21,0.953,0.2,0.9,1.0,0.2,0.6,0.6,0.3,3.6
Stephen Curry,GSW,PG,34.0,64.0,9.4,20.1,4.9,11.9,0.409,0.548,0.919,0.6,4.8,5.3,5.9,1.0,0.3,3.2,28.3
Sterling Brown,"HOU, DAL, LAL","SF, SG",26.0,35.0,1.4,3.6,0.8,2.2,0.242,0.328,0.58,0.7,2.5,3.1,0.9,0.6,0.1,0.4,3.8
Steven Adams,"NOP, MEM",C,28.0,59.0,3.3,5.6,0.0,0.0,0.0,0.589,0.45,4.5,5.7,10.1,2.5,0.9,0.9,1.6,7.7
Svi Mykhailiuk,"2TM, BOS, DET, NYK, TOR, OKC, CHO",SF,24.0,37.0,2.4,5.7,1.3,3.5,0.391,0.447,0.717,0.4,1.5,1.9,1.4,0.6,0.1,0.9,6.7
T.J. Leaf,POR,PF,23.0,7.0,0.7,1.4,0.0,0.0,0.0,0.5,1.0,0.0,0.7,0.7,0.1,0.3,0.1,0.3,1.7
T.J. McConnell,IND,PG,30.0,60.0,4.0,7.5,0.3,0.8,0.366,0.556,0.789,0.6,2.6,3.2,5.6,1.3,0.2,1.6,9.0
T.J. Warren,"IND, 2TM, BRK, PHO, MIN","SF, PF",29.0,20.0,3.5,7.0,0.3,1.5,0.226,0.553,0.734,0.6,2.3,2.9,1.0,0.5,0.2,0.6,8.1
Tacko Fall,"BOS, CLE",C,26.0,15.0,0.8,1.3,0.0,0.0,0.0,0.57,0.31,0.7,1.7,2.4,0.2,0.0,0.8,0.3,1.8
Taj Gibson,"2TM, NYK, DET, WAS","PF, C",37.0,31.0,1.4,2.7,0.2,0.6,0.271,0.547,0.708,1.0,1.9,3.0,0.6,0.3,0.5,0.4,3.4
Talen Horton-Tucker,"LAL, UTA","SG, PG",22.0,60.0,3.7,8.8,0.9,2.9,0.292,0.484,0.783,0.5,2.4,2.8,3.2,0.9,0.4,1.6,10.0
Tari Eason,HOU,PF,22.0,52.0,3.8,8.3,0.8,2.2,0.352,0.495,0.694,2.2,4.3,6.5,1.2,1.3,0.8,1.0,9.6
Taurean Prince,"2TM, BRK, MIN, LAL, CLE",PF,27.0,47.0,3.1,7.2,1.4,3.8,0.386,0.481,0.819,0.4,2.6,3.0,1.5,0.7,0.5,1.0,8.8
Taylor Hendricks,UTA,PF,20.0,40.0,2.7,6.0,1.3,3.5,0.379,0.55,0.793,1.2,3.5,4.6,0.8,0.7,0.8,0.7,7.3
Taze Moore,POR,SG,25.0,4.0,2.0,4.8,0.3,1.8,0.143,0.583,0.5,1.0,1.0,2.0,1.3,0.5,0.0,0.8,4.5
Terance Mann,LAC,"SF, SG",26.0,76.0,3.4,6.7,0.8,2.3,0.38,0.577,0.806,1.1,2.9,3.9,2.0,0.6,0.2,0.8,8.9
Terence Davis,"SAC, TOR, 2TM",SG,24.0,43.0,3.2,7.5,1.6,4.4,0.359,0.523,0.82,0.3,2.3,2.6,1.3,0.7,0.3,1.0,8.8
Terquavion Smith,PHI,PG,21.0,16.0,1.1,2.9,0.8,2.2,0.371,0.455,0.6,0.0,0.3,0.3,0.8,0.5,0.0,0.4,3.3
Terrance Ferguson,PHI,SG,22.0,13.0,0.1,0.5,0.0,0.4,0.0,0.5,0.0,0.0,0.1,0.1,0.2,0.1,0.0,0.3,0.2
Terrence Ross,"PHO, 2TM, ORL",SG,30.0,47.0,3.7,8.9,1.5,4.5,0.345,0.5,0.827,0.3,2.4,2.7,1.8,0.6,0.2,0.9,10.2
Terry Rozier,"MIA, 2TM, CHO","SG, PG",28.0,54.0,7.3,16.8,2.7,7.4,0.364,0.5,0.851,0.7,3.5,4.1,5.1,1.2,0.3,1.8,20.0
Terry Taylor,"IND, CHI, 2TM",PF,23.0,25.0,1.8,3.0,0.2,0.6,0.405,0.665,0.603,1.2,1.0,2.2,0.4,0.2,0.2,0.3,4.1
Thaddeus Young,"SAS, 2TM, PHO, TOR, CHI",PF,34.0,36.0,2.6,4.8,0.2,0.6,0.188,0.586,0.484,1.6,2.2,3.8,2.0,0.9,0.3,0.9,5.8
Thanasis Antetokounmpo,MIL,"SF, PF",30.0,44.0,0.9,1.8,0.0,0.2,0.096,0.558,0.41,0.6,0.9,1.5,0.6,0.2,0.2,0.5,2.2
Theo Pinson,"DAL, NYK","SF, SG",26.0,25.0,0.5,1.6,0.4,1.2,0.229,0.601,0.615,0.1,0.9,1.0,0.7,0.2,0.0,0.2,1.7
Thomas Bryant,"2TM, MIA, DEN, LAL, WAS",C,25.0,32.0,3.6,6.0,0.4,1.2,0.37,0.637,0.769,1.3,3.6,4.9,0.7,0.3,0.6,0.7,9.0
Thon Maker,CLE,C,23.0,8.0,1.3,2.3,0.0,0.3,0.0,0.625,0.909,1.0,1.3,2.3,0.5,0.3,0.5,0.4,3.8
Théo Maledon,"PHO, 2TM, OKC, CHO",PG,21.0,32.0,1.8,5.3,0.6,2.3,0.21,0.388,0.873,0.3,1.8,2.0,2.2,0.5,0.1,1.3,5.5
Tim Frazier,"ORL, CLE, 2TM, MEM",PG,31.0,7.0,0.9,3.3,0.3,1.2,0.176,0.326,0.361,0.2,1.0,1.3,2.4,0.2,0.1,1.1,2.4
Tim Hardaway Jr.,DAL,"SF, SG",30.0,66.0,5.2,12.5,2.8,7.5,0.366,0.476,0.799,0.3,3.1,3.4,1.9,0.6,0.2,0.8,14.9
Timmy Allen,MEM,SF,24.0,5.0,1.2,4.6,0.0,1.4,0.0,0.375,0.5,0.8,2.6,3.4,1.0,0.8,0.0,0.4,2.6
Timothé Luwawu-Cabarrot,"ATL, BRK",SF,26.0,55.0,1.8,4.8,1.0,3.2,0.338,0.47,0.834,0.4,1.5,1.9,1.0,0.4,0.1,0.6,5.4
Tobias Harris,PHI,"SF, PF",30.0,70.0,6.7,13.5,1.4,3.8,0.376,0.544,0.872,1.0,5.4,6.4,3.2,0.8,0.6,1.4,17.2
Tomáš Satoranský,"SAS, WAS, NOP, 3TM, CHI","SF, SG, PG",30.0,34.0,1.4,3.3,0.3,1.0,0.2,0.389,0.799,0.4,1.7,2.1,3.1,0.5,0.1,0.8,4.4
Tony Bradley,"CHI, PHI, 2TM, OKC",C,24.0,30.0,2.2,3.4,0.1,0.1,0.12,0.609,0.737,1.5,2.8,4.3,0.7,0.3,0.6,0.6,5.2
Tony Snell,"ATL, POR, 2TM, NOP",SG,30.0,38.0,1.6,3.6,1.0,2.6,0.409,0.523,1.0,0.3,1.7,2.1,0.7,0.3,0.2,0.4,4.3
Torrey Craig,"IND, 2TM, MIL, PHO, CHI","SF, PF",31.0,48.0,2.3,5.1,1.0,2.7,0.359,0.554,0.72,1.2,2.9,4.1,1.1,0.6,0.5,0.7,6.0
Tosan Evbuomwan,"DET, 2TM, MEM",SF,22.0,11.0,1.9,4.1,0.7,1.9,0.347,0.53,0.453,1.3,2.3,3.5,1.1,0.3,0.3,0.5,5.1
Toumani Camara,POR,PF,23.0,70.0,2.8,6.3,0.8,2.5,0.337,0.523,0.758,2.0,2.9,4.9,1.2,0.9,0.5,1.2,7.5
Trae Young,ATL,PG,24.0,66.0,8.3,18.9,2.7,7.3,0.358,0.49,0.883,0.6,2.7,3.4,10.0,1.0,0.2,4.2,26.4
Trayce Jackson-Davis,GSW,PF,23.0,68.0,3.4,4.9,0.0,0.0,0.0,0.704,0.561,2.0,3.0,5.0,1.2,0.4,1.1,0.7,7.9
Trayvon Palmer,DET,SG,27.0,1.0,0.0,1.0,0.0,0.0,0.0,0.0,0.0,0.0,2.0,2.0,0.0,0.0,0.0,1.0,0.0
Tre Jones,SAS,PG,22.0,63.0,3.1,6.4,0.4,1.4,0.354,0.524,0.848,0.6,2.0,2.6,4.3,0.8,0.1,1.0,7.8
Tre Mann,"2TM, OKC, CHO",PG,21.0,42.0,3.3,7.6,1.2,3.3,0.367,0.498,0.816,0.4,2.6,3.0,2.8,0.9,0.1,1.3,8.6
Tre Scott,CLE,SF,25.0,2.0,1.5,3.0,0.0,0.5,0.0,0.6,0.0,0.5,0.5,1.0,0.0,0.5,0.5,0.0,3.0
Tremont Waters,"BOS, TOR, WAS, 2TM",PG,24.0,8.0,1.3,4.0,0.6,2.2,0.21,0.412,0.235,0.0,1.0,1.0,2.0,1.3,0.0,1.1,3.3
Trendon Watford,"BRK, POR","SF, PF",22.0,58.0,2.8,5.2,0.3,1.0,0.342,0.582,0.756,0.9,2.8,3.7,1.7,0.5,0.4,1.0,7.3
Trent Forrest,"UTA, ATL","SG, PG",24.0,38.0,1.1,2.5,0.1,0.4,0.144,0.496,0.806,0.3,1.2,1.5,1.8,0.4,0.1,0.7,2.7
Trevelin Queen,"HOU, IND, ORL",SG,25.0,10.0,1.2,3.4,0.5,1.9,0.228,0.516,0.917,0.7,1.1,1.8,0.9,0.4,0.4,0.7,3.4
Trevor Ariza,"MIA, LAL",SF,36.0,27.0,2.3,6.0,1.2,4.0,0.31,0.51,0.665,0.6,3.4,4.1,1.5,0.8,0.4,0.6,6.7
Trevor Hudgins,HOU,PG,23.0,5.0,0.4,1.8,0.4,1.6,0.25,0.0,1.0,0.0,0.0,0.0,0.6,0.0,0.0,0.2,1.8
Trevor Keels,NYK,SG,19.0,3.0,0.3,1.3,0.3,1.3,0.25,0.0,0.0,0.0,0.7,0.7,0.0,0.0,0.0,0.0,1.0
Trey Burke,DAL,PG,28.0,52.0,2.2,5.4,0.8,2.3,0.336,0.464,0.883,0.2,0.7,0.8,1.4,0.4,0.0,0.6,5.8
Trey Jemison,"WAS, 2TM, MEM",C,24.0,17.0,2.1,3.8,0.0,0.0,0.0,0.367,0.56,1.8,2.1,3.9,0.8,0.3,0.8,1.1,4.7
Trey Lyles,"SAS, SAC, DET, 2TM",PF,26.0,51.0,2.9,6.2,1.0,2.8,0.347,0.569,0.767,1.0,3.6,4.6,1.0,0.4,0.3,0.8,8.5
Trey Murphy III,NOP,SF,22.0,66.0,3.8,8.5,2.2,5.7,0.389,0.544,0.867,0.7,2.9,3.6,1.4,0.8,0.4,0.6,11.6
Tristan Thompson,"IND, BOS, 3TM, CLE, CHI, SAC",C,30.0,36.0,2.5,4.7,0.0,0.1,0.222,0.548,0.476,2.1,3.1,5.2,0.8,0.3,0.4,0.8,6.0
Tristan Vukcevic,WAS,C,20.0,10.0,2.9,6.7,1.0,3.6,0.278,0.613,0.773,0.6,3.0,3.6,1.3,0.5,0.7,1.0,8.5
Troy Brown Jr.,"WAS, 2TM, DET, MIN, LAL, CHI",SF,22.0,41.0,1.8,4.3,0.8,2.4,0.334,0.503,0.806,0.6,2.5,3.0,1.0,0.4,0.1,0.5,4.8
Ty Jerome,"GSW, CLE, OKC",SG,24.0,32.0,2.5,5.7,1.0,2.9,0.275,0.546,0.625,0.4,1.3,1.6,2.6,0.4,0.1,0.8,6.7
Ty-Shon Alexander,PHO,SG,22.0,15.0,0.2,0.8,0.1,0.6,0.222,0.333,0.5,0.1,0.5,0.7,0.4,0.0,0.1,0.2,0.6
TyTy Washington Jr.,"HOU, MIL",PG,22.0,21.0,1.2,3.5,0.4,1.6,0.286,0.387,0.278,0.1,0.9,1.0,1.0,0.4,0.0,0.4,3.0
Tyler Bey,DAL,SF,22.0,18.0,0.4,1.2,0.1,0.2,0.25,0.333,0.6,0.4,0.6,1.1,0.2,0.0,0.1,0.2,1.0
Tyler Cook,"CHI, BRK, DET, 2TM","SF, PF",23.0,21.0,1.5,2.4,0.0,0.0,0.25,0.574,0.407,0.8,1.7,2.4,0.4,0.2,0.1,0.5,3.6
Tyler Dorsey,DAL,SF,26.0,3.0,1.3,1.7,0.3,0.7,0.5,1.0,0.0,0.3,0.3,0.7,0.0,0.0,0.0,0.0,3.0
Tyler Hall,NYK,SG,24.0,1.0,0.0,0.0,0.0,0.0,0.0,0.0,0.0,0.0,0.0,0.0,0.0,0.0,0.0,0.0,0.0
Tyler Herro,MIA,SG,22.0,57.0,7.1,16.0,2.7,7.0,0.383,0.488,0.865,0.5,4.7,5.2,4.0,0.7,0.2,2.3,19.2
Tyler Johnson,"PHI, SAS, BRK, 2TM","SG, PG",29.0,13.0,1.2,3.6,0.9,2.5,0.378,0.237,0.214,0.4,1.6,2.0,1.2,0.5,0.4,0.3,3.5
Tyrell Terry,"DAL, MEM",PG,20.0,6.0,0.5,1.0,0.0,0.3,0.0,0.778,0.166,0.0,0.2,0.2,0.2,0.2,0.0,0.1,1.0
Tyrese Haliburton,"IND, 2TM, SAC","SG, PG",21.0,56.0,6.1,12.8,2.4,5.9,0.403,0.545,0.852,0.7,3.1,3.8,8.6,1.6,0.6,2.4,16.8
Tyrese Martin,ATL,SG,23.0,16.0,0.6,1.4,0.1,0.4,0.143,0.5,1.0,0.3,0.4,0.8,0.1,0.1,0.0,0.1,1.3
Tyrese Maxey,PHI,"SG, PG",22.0,66.0,6.5,14.0,2.0,5.0,0.384,0.51,0.862,0.4,2.6,2.9,4.0,0.7,0.3,1.2,17.9
Tyrone Wallace,NOP,SG,27.0,6.0,1.2,3.3,0.3,1.3,0.25,0.417,0.2,0.0,1.3,1.3,0.2,0.5,0.2,0.3,2.8
Tyus Jones,"WAS, MEM",PG,26.0,72.0,3.7,8.1,1.2,3.2,0.374,0.502,0.832,0.3,2.1,2.4,5.2,1.0,0.1,0.8,9.3
Udoka Azubuike,"UTA, PHO",C,22.0,21.0,1.3,1.7,0.0,0.0,0.0,0.678,0.482,0.8,1.8,2.6,0.1,0.1,0.4,0.4,2.9
Udonis Haslem,MIA,C,41.0,7.0,1.5,2.8,0.2,0.5,0.194,0.61,0.6,0.3,1.2,1.5,0.1,0.1,0.1,0.2,3.5
Usman Garuba,"HOU, GSW","PF, C",20.0,35.0,0.7,1.7,0.2,0.6,0.219,0.436,0.61,1.0,1.9,2.9,0.6,0.4,0.5,0.4,1.8
Vasilije Micić,"2TM, OKC, CHO",PG,30.0,40.0,2.7,6.2,0.7,2.6,0.272,0.544,0.796,0.2,1.2,1.5,4.4,0.5,0.1,1.7,7.0
Vernon Carey Jr.,"WAS, 2TM, CHO",C,20.0,9.0,0.8,1.7,0.0,0.1,0.029,0.489,0.669,0.8,0.7,1.5,0.1,0.2,0.2,0.4,2.4
Victor Oladipo,"IND, HOU, 3TM, MIA",SG,28.0,19.0,5.7,13.8,2.0,6.1,0.332,0.479,0.736,0.4,3.8,4.1,4.0,1.3,0.3,2.4,16.0
Victor Wembanyama,SAS,C,20.0,71.0,7.8,16.7,1.8,5.5,0.325,0.534,0.796,2.3,8.4,10.6,3.9,1.2,3.6,3.7,21.4
Vince Williams Jr.,MEM,SG,22.0,34.0,2.0,5.0,0.9,3.0,0.26,0.598,0.9,0.7,2.6,3.3,1.8,0.6,0.4,1.0,6.0
Vincent Poirier,PHI,C,27.0,10.0,0.3,1.2,0.0,0.1,0.0,0.273,0.333,0.6,0.8,1.4,0.2,0.0,0.3,0.4,0.8
Vit Krejci,"ATL, OKC","SG, PG",22.0,27.0,1.7,3.9,0.9,2.4,0.326,0.595,0.732,0.4,1.8,2.2,1.6,0.5,0.2,0.7,4.5
Vlatko Čančar,DEN,PF,24.0,39.0,1.4,2.8,0.5,1.2,0.41,0.582,0.78,0.4,1.4,1.8,0.9,0.3,0.1,0.5,3.7
Walker Kessler,UTA,C,22.0,69.0,3.8,5.6,0.0,0.2,0.272,0.702,0.559,2.8,5.1,8.0,0.9,0.4,2.3,0.9,8.6
Wayne Ellington,"LAL, DET",SG,34.0,44.0,2.8,6.4,2.2,5.4,0.406,0.57,0.809,0.2,1.6,1.8,1.1,0.4,0.2,0.6,8.2
Wayne Selden,NYK,SG,27.0,3.0,0.3,1.3,0.3,0.7,0.5,0.0,0.5,0.0,0.3,0.3,0.3,0.0,0.0,0.0,1.7
Wendell Carter Jr.,"CHI, 2TM, ORL","PF, C",22.0,47.0,4.7,9.2,0.8,2.2,0.326,0.576,0.719,2.3,6.2,8.5,2.1,0.6,0.7,1.5,12.5
Wendell Moore Jr.,MIN,SG,22.0,27.0,0.5,1.1,0.0,0.4,0.059,0.682,0.4,0.0,0.5,0.6,0.4,0.2,0.1,0.2,1.0
Wenyen Gabriel,"BRK, NOP, 3TM, MEM, LAL, LAC","PF, C",24.0,21.0,1.5,3.2,0.3,0.9,0.257,0.428,0.424,1.2,2.1,3.3,0.4,0.3,0.4,0.7,3.8
Wes Iwundu,"DAL, ATL, NOP, 2TM",SF,26.0,21.0,1.3,3.4,0.3,1.2,0.241,0.453,0.818,0.6,2.2,2.8,0.3,0.4,0.1,0.4,3.6
Wesley Matthews,"LAL, ATL, MIL","SF, SG",36.0,49.0,1.3,3.6,0.9,2.7,0.334,0.461,0.812,0.5,1.3,1.8,0.7,0.5,0.3,0.3,4.1
Will Barton,"DEN, WAS, TOR, 2TM","SF, SG",31.0,48.0,3.4,8.4,1.5,4.0,0.365,0.425,0.831,0.4,2.7,3.1,2.5,0.7,0.3,1.1,9.3
Will Magnay,NOP,C,22.0,1.0,0.0,1.0,0.0,1.0,0.0,0.0,0.0,0.0,0.0,0.0,0.0,0.0,0.0,1.0,0.0
Willie Cauley-Stein,"DAL, PHI, 2TM",C,28.0,23.0,1.0,1.8,0.0,0.1,0.273,0.394,0.407,0.6,1.8,2.4,0.6,0.2,0.3,0.3,2.2
Willy Hernangómez,NOP,C,27.0,45.0,3.0,5.5,0.1,0.2,0.235,0.551,0.74,2.3,3.9,6.2,1.1,0.4,0.4,0.9,7.9
Xavier Cooks,WAS,PF,27.0,10.0,1.7,2.8,0.0,0.1,0.0,0.63,0.4,1.6,2.2,3.8,0.6,0.6,0.4,0.8,3.8
Xavier Moon,LAC,SG,28.0,9.0,1.5,3.6,0.3,1.1,0.269,0.441,0.367,0.3,0.9,1.2,1.7,0.3,0.2,0.4,3.3
Xavier Sneed,"UTA, 2TM, MEM, CHO",SF,24.0,6.0,0.4,1.4,0.2,1.1,0.198,0.375,0.25,0.2,0.6,0.9,0.4,0.0,0.1,0.2,1.4
Xavier Tillman Sr.,"BOS, 2TM, MEM","PF, C",24.0,47.0,2.4,4.8,0.3,1.1,0.261,0.574,0.545,1.3,2.6,3.9,1.4,0.9,0.6,0.6,5.6
Yogi Ferrell,"CLE, LAC, 2TM",PG,27.0,7.0,2.5,6.9,1.1,3.2,0.323,0.383,0.593,0.8,1.6,2.3,2.3,0.9,0.4,0.6,6.6
Yuta Watanabe,"2TM, BRK, PHO, MEM, TOR",SF,28.0,36.0,1.4,3.6,0.7,2.2,0.317,0.517,0.568,0.4,1.8,2.2,0.6,0.4,0.2,0.5,4.0
Yves Pons,MEM,SF,22.0,12.0,0.4,1.3,0.3,0.8,0.333,0.286,0.0,0.4,0.6,1.0,0.1,0.1,0.3,0.1,1.1
Zach Collins,SAS,C,25.0,53.0,3.8,7.7,0.7,2.1,0.345,0.556,0.771,1.7,4.0,5.8,2.6,0.5,0.8,1.8,10.2
Zach LaVine,CHI,SG,26.0,57.0,8.4,17.5,2.8,7.3,0.383,0.549,0.851,0.4,4.4,4.8,4.4,0.8,0.3,2.7,24.0
Zavier Simpson,"MEM, OKC",PG,25.0,6.0,3.6,10.4,0.5,2.2,0.21,0.366,0.875,0.6,3.6,4.1,5.6,1.2,0.7,2.0,8.5
Zeke Nnaji,DEN,PF,22.0,48.0,1.7,3.3,0.5,1.2,0.348,0.586,0.688,1.0,1.5,2.5,0.4,0.3,0.4,0.5,4.6
Ziaire Williams,MEM,SF,21.0,50.0,2.8,6.5,1.0,3.4,0.293,0.572,0.794,0.5,2.1,2.6,1.1,0.6,0.2,1.0,7.3
Zion Williamson,NOP,PF,22.0,53.0,9.7,16.3,0.2,0.5,0.332,0.605,0.705,2.1,4.5,6.7,4.4,1.0,0.6,3.0,25.3
Zylan Cheatham,UTA,SF,26.0,1.0,0.0,3.0,0.0,2.0,0.0,0.0,0.0,0.0,0.0,0.0,0.0,0.0,0.0,0.0,0.0
