Player,Age,Team,Pos,G,FG,FGA,FG%,3P,3PA,3P%,2P%,FT%,ORB,DRB,TRB,AST,STL,BLK,TOV,PTS
Joel Embiid,28.0,PHI,C,66.0,11.0,20.1,0.548,1.0,3.0,0.33,0.587,0.857,1.7,8.4,10.2,4.2,1.0,1.7,3.4,33.1
Luka Dončić,23.0,DAL,PG,66.0,10.9,22.0,0.496,2.8,8.2,0.342,0.588,0.742,0.8,7.8,8.6,8.0,1.4,0.5,3.6,32.4
Damian Lillard,32.0,POR,PG,58.0,9.6,20.7,0.463,4.2,11.3,0.371,0.574,0.914,0.8,4.0,4.8,7.3,0.9,0.3,3.3,32.2
Shai Gilgeous-Alexander,24.0,OKC,PG,68.0,10.4,20.3,0.51,0.9,2.5,0.345,0.533,0.905,0.9,4.0,4.8,5.5,1.6,1.0,2.8,31.4
Giannis Antetokounmpo,28.0,MIL,PF,63.0,11.2,20.3,0.553,0.7,2.7,0.275,0.596,0.645,2.2,9.6,11.8,5.7,0.8,0.8,3.9,31.1
Jayson Tatum,24.0,BOS,SF,74.0,9.8,21.1,0.466,3.2,9.3,0.35,0.558,0.854,1.1,7.7,8.8,4.6,1.1,0.7,2.9,30.1
Stephen Curry,34.0,GSW,PG,56.0,10.0,20.2,0.493,4.9,11.4,0.427,0.579,0.915,0.7,5.4,6.1,6.3,0.9,0.4,3.2,29.4
Kevin Durant,34.0,2TM,PF,47.0,10.3,18.3,0.56,2.0,4.9,0.404,0.617,0.919,0.4,6.3,6.7,5.0,0.7,1.4,3.3,29.1
Kevin Durant,34.0,BRK,PF,39.0,10.5,18.8,0.559,1.8,4.8,0.376,0.622,0.934,0.4,6.4,6.7,5.3,0.8,1.5,3.5,29.7
Kevin Durant,34.0,PHO,PF,8.0,9.1,16.0,0.57,2.8,5.1,0.537,0.586,0.833,0.4,6.0,6.4,3.5,0.3,1.3,2.5,26.0
LeBron James,38.0,LAL,PF,55.0,11.1,22.2,0.5,2.2,6.9,0.321,0.58,0.768,1.2,7.1,8.3,6.8,0.9,0.6,3.2,28.9
Donovan Mitchell,26.0,CLE,SG,68.0,10.0,20.6,0.484,3.6,9.3,0.386,0.566,0.867,0.9,3.3,4.3,4.4,1.5,0.4,2.6,28.3
Devin Booker,26.0,PHO,SG,53.0,9.9,20.1,0.494,2.1,6.0,0.351,0.554,0.855,0.9,3.7,4.5,5.5,1.0,0.3,2.7,27.8
Kyrie Irving,30.0,2TM,SG,60.0,9.9,20.1,0.494,3.1,8.3,0.379,0.574,0.905,1.0,4.1,5.1,5.5,1.1,0.8,2.1,27.1
Kyrie Irving,30.0,BRK,PG,40.0,10.0,20.5,0.486,3.3,8.7,0.374,0.569,0.883,1.0,4.2,5.1,5.3,1.0,0.8,2.3,27.1
Kyrie Irving,30.0,DAL,SG,20.0,9.8,19.2,0.51,2.9,7.4,0.392,0.585,0.947,1.1,4.0,5.0,6.0,1.3,0.6,1.9,27.0
Jaylen Brown,26.0,BOS,SF,67.0,10.1,20.6,0.491,2.4,7.3,0.335,0.576,0.765,1.2,5.7,6.9,3.5,1.1,0.4,2.9,26.6
Ja Morant,23.0,MEM,PG,61.0,9.3,19.9,0.466,1.5,4.9,0.307,0.519,0.748,1.0,4.9,5.9,8.1,1.1,0.3,3.4,26.2
Trae Young,24.0,ATL,PG,73.0,8.2,19.0,0.429,2.1,6.3,0.335,0.476,0.886,0.8,2.2,3.0,10.2,1.1,0.1,4.1,26.2
Zion Williamson,22.0,NOP,PF,29.0,9.8,16.2,0.608,0.2,0.7,0.368,0.618,0.714,2.0,5.0,7.0,4.6,1.1,0.6,3.4,26.0
Anthony Davis,29.0,LAL,C,56.0,9.7,17.2,0.563,0.3,1.3,0.257,0.589,0.784,3.5,9.1,12.5,2.6,1.1,2.0,2.2,25.9
Lauri Markkanen,25.0,UTA,PF,66.0,8.7,17.3,0.499,3.0,7.7,0.391,0.585,0.875,2.0,6.7,8.6,1.9,0.6,0.6,1.9,25.6
Julius Randle,28.0,NYK,PF,77.0,8.5,18.6,0.459,2.8,8.3,0.343,0.553,0.757,1.8,8.1,10.0,4.1,0.6,0.3,2.8,25.1
De'Aaron Fox,25.0,SAC,PG,73.0,9.3,18.2,0.512,1.6,5.0,0.324,0.584,0.78,0.5,3.6,4.2,6.1,1.1,0.3,2.5,25.0
Zach LaVine,27.0,CHI,SG,77.0,8.7,18.0,0.485,2.6,7.1,0.375,0.556,0.848,0.5,3.9,4.5,4.2,0.9,0.2,2.5,24.8
Brandon Ingram,25.0,NOP,SF,45.0,9.0,18.6,0.484,1.4,3.6,0.39,0.507,0.882,0.5,5.0,5.5,5.8,0.7,0.4,3.3,24.7
Anthony Edwards,21.0,MIN,SG,79.0,8.9,19.5,0.459,2.7,7.3,0.369,0.513,0.756,0.6,5.2,5.8,4.4,1.6,0.7,3.3,24.6
DeMar DeRozan,33.0,CHI,SF,74.0,8.9,17.6,0.504,0.6,1.9,0.324,0.526,0.872,0.5,4.2,4.6,5.1,1.1,0.5,2.1,24.5
Nikola Jokić,27.0,DEN,C,69.0,9.4,14.8,0.632,0.8,2.2,0.383,0.675,0.822,2.4,9.4,11.8,9.8,1.3,0.7,3.6,24.5
Pascal Siakam,28.0,TOR,PF,71.0,8.9,18.5,0.48,1.3,4.0,0.324,0.523,0.774,1.8,6.0,7.8,5.8,0.9,0.5,2.4,24.2
Jalen Brunson,26.0,NYK,PG,68.0,8.6,17.6,0.491,2.0,4.7,0.416,0.519,0.829,0.6,3.0,3.5,6.2,0.9,0.2,2.1,24.0
Paul George,32.0,LAC,SF,56.0,8.2,17.9,0.457,2.8,7.6,0.371,0.521,0.871,0.8,5.3,6.1,5.1,1.5,0.4,3.1,23.8
Kawhi Leonard,31.0,LAC,SF,52.0,8.6,16.8,0.512,2.0,4.8,0.416,0.551,0.871,1.1,5.4,6.5,3.9,1.4,0.5,1.7,23.8
LaMelo Ball,21.0,CHO,PG,36.0,8.2,20.0,0.411,4.0,10.6,0.376,0.45,0.836,1.2,5.3,6.4,8.4,1.3,0.3,3.6,23.3
Bradley Beal,29.0,WAS,SG,50.0,8.9,17.6,0.506,1.6,4.4,0.365,0.552,0.842,0.8,3.1,3.9,5.4,0.9,0.7,2.9,23.2
Kristaps Porziņģis,27.0,WAS,C,65.0,7.8,15.7,0.498,2.1,5.5,0.385,0.559,0.851,1.8,6.6,8.4,2.7,0.9,1.5,2.1,23.2
Jimmy Butler,33.0,MIA,PF,64.0,7.5,13.9,0.539,0.6,1.6,0.35,0.564,0.85,2.2,3.7,5.9,5.3,1.8,0.3,1.6,22.9
Jalen Green,20.0,HOU,SG,76.0,7.4,17.9,0.416,2.5,7.3,0.338,0.471,0.786,0.6,3.2,3.7,3.7,0.8,0.2,2.6,22.1
Keldon Johnson,23.0,SAS,SF,63.0,8.0,17.7,0.452,2.1,6.5,0.329,0.523,0.749,0.9,4.2,5.0,2.9,0.7,0.2,2.1,22.0
Klay Thompson,32.0,GSW,SF,69.0,7.9,18.1,0.436,4.4,10.6,0.412,0.47,0.879,0.6,3.6,4.1,2.4,0.7,0.4,1.8,21.9
Bojan Bogdanović,33.0,DET,PF,59.0,7.3,14.9,0.488,2.5,6.0,0.411,0.539,0.884,0.6,3.2,3.8,2.6,0.6,0.1,2.3,21.6
Darius Garland,23.0,CLE,PG,69.0,7.6,16.4,0.462,2.4,6.0,0.41,0.492,0.863,0.4,2.3,2.7,7.8,1.2,0.1,2.9,21.6
Desmond Bane,24.0,MEM,SG,58.0,7.8,16.2,0.479,2.9,7.0,0.408,0.534,0.883,0.7,4.3,5.0,4.4,1.0,0.4,2.2,21.5
Kyle Kuzma,27.0,WAS,PF,64.0,8.0,17.8,0.448,2.5,7.5,0.333,0.533,0.73,0.9,6.4,7.2,3.7,0.6,0.5,3.0,21.2
Terry Rozier,28.0,CHO,SG,63.0,7.8,18.9,0.415,2.6,8.0,0.327,0.48,0.809,0.8,3.3,4.1,5.1,1.2,0.3,2.1,21.1
Anfernee Simons,23.0,POR,SG,62.0,7.5,16.9,0.447,3.4,9.1,0.377,0.528,0.894,0.3,2.3,2.6,4.1,0.7,0.2,2.1,21.1
James Harden,33.0,PHI,PG,58.0,6.4,14.5,0.441,2.8,7.2,0.385,0.495,0.867,0.7,5.4,6.1,10.7,1.2,0.5,3.4,21.0
CJ McCollum,31.0,NOP,PG,75.0,7.8,17.9,0.437,2.8,7.2,0.389,0.469,0.769,0.7,3.6,4.4,5.7,0.9,0.5,2.4,20.9
Jordan Clarkson,30.0,UTA,SG,61.0,7.5,16.9,0.444,2.5,7.5,0.338,0.53,0.816,1.2,2.9,4.0,4.4,0.5,0.2,3.0,20.8
Karl-Anthony Towns,27.0,MIN,PF,29.0,7.3,14.8,0.495,2.1,5.7,0.366,0.576,0.874,1.7,6.5,8.1,4.8,0.7,0.6,3.0,20.8
Tyrese Haliburton,22.0,IND,PG,56.0,7.4,15.0,0.49,2.9,7.2,0.4,0.572,0.871,0.6,3.1,3.7,10.4,1.6,0.4,2.5,20.7
Jerami Grant,28.0,POR,PF,63.0,6.9,14.5,0.475,2.3,5.7,0.401,0.523,0.813,0.8,3.7,4.5,2.4,0.8,0.8,1.8,20.5
Dejounte Murray,26.0,ATL,SG,74.0,8.3,17.8,0.464,1.8,5.2,0.344,0.514,0.832,0.7,4.5,5.3,6.1,1.5,0.3,2.2,20.5
Bam Adebayo,25.0,MIA,C,75.0,8.0,14.9,0.54,0.0,0.2,0.083,0.545,0.806,2.5,6.7,9.2,3.2,1.2,0.8,2.5,20.4
Jordan Poole,23.0,GSW,PG,82.0,6.7,15.6,0.43,2.6,7.8,0.336,0.524,0.87,0.4,2.4,2.7,4.5,0.8,0.3,3.1,20.4
Tyrese Maxey,22.0,PHI,SG,60.0,7.3,15.2,0.481,2.7,6.2,0.434,0.513,0.845,0.4,2.6,2.9,3.5,0.8,0.1,1.3,20.3
Kelly Oubre Jr.,27.0,CHO,SF,48.0,7.4,17.1,0.431,2.3,7.1,0.319,0.51,0.76,1.4,3.8,5.2,1.1,1.4,0.4,1.3,20.3
Mikal Bridges,26.0,2TM,SG,83.0,7.1,15.3,0.468,2.0,5.3,0.382,0.514,0.895,1.0,3.4,4.4,3.3,1.1,0.7,1.5,20.1
Mikal Bridges,26.0,PHO,SF,56.0,6.3,13.6,0.463,1.8,4.7,0.387,0.503,0.897,1.0,3.3,4.3,3.6,1.2,0.8,1.4,17.2
Mikal Bridges,26.0,BRK,SG,27.0,8.9,18.6,0.475,2.5,6.7,0.376,0.531,0.894,0.9,3.6,4.5,2.7,1.0,0.6,1.8,26.1
Tyler Herro,23.0,MIA,SG,67.0,7.3,16.6,0.439,3.0,8.0,0.378,0.497,0.934,0.4,5.0,5.4,4.2,0.8,0.2,2.4,20.1
Paolo Banchero,20.0,ORL,PF,72.0,6.7,15.6,0.427,1.2,4.0,0.298,0.471,0.738,1.2,5.7,6.9,3.7,0.8,0.5,2.8,20.0
Louis King,23.0,PHI,PF,1.0,8.0,13.0,0.615,4.0,8.0,0.5,0.8,0.0,2.0,2.0,4.0,2.0,1.0,0.0,2.0,20.0
Jamal Murray,25.0,DEN,PG,65.0,7.3,16.0,0.454,2.6,6.6,0.398,0.494,0.833,0.7,3.2,4.0,6.2,1.0,0.2,2.2,20.0
Cade Cunningham,21.0,DET,PG,12.0,7.8,18.7,0.415,1.4,5.1,0.279,0.466,0.837,1.0,5.2,6.2,6.0,0.8,0.6,3.3,19.9
RJ Barrett,22.0,NYK,SG,73.0,7.0,16.1,0.434,1.7,5.3,0.31,0.495,0.74,0.8,4.2,5.0,2.8,0.4,0.2,2.2,19.6
Jrue Holiday,32.0,MIL,PG,67.0,7.3,15.3,0.479,2.4,6.1,0.384,0.542,0.859,1.2,3.9,5.1,7.4,1.2,0.4,2.9,19.3
Fred VanVleet,28.0,TOR,PG,69.0,6.3,16.1,0.393,3.0,8.8,0.342,0.455,0.898,0.4,3.6,4.1,7.2,1.8,0.6,2.0,19.3
Kevin Porter Jr.,22.0,HOU,PG,59.0,6.6,15.0,0.442,2.4,6.5,0.366,0.501,0.784,1.3,4.0,5.3,5.7,1.4,0.3,3.2,19.2
Domantas Sabonis,26.0,SAC,C,79.0,7.3,11.9,0.615,0.4,1.1,0.373,0.639,0.742,3.2,9.1,12.3,7.3,0.8,0.5,2.9,19.1
Jaren Jackson Jr.,23.0,MEM,C,63.0,6.6,13.0,0.506,1.6,4.5,0.355,0.585,0.788,1.7,5.0,6.8,1.0,1.0,3.0,1.7,18.6
Franz Wagner,21.0,ORL,SF,80.0,6.8,14.0,0.485,1.6,4.5,0.361,0.544,0.842,0.9,3.2,4.1,3.5,1.0,0.2,2.1,18.6
Devin Vassell,22.0,SAS,SG,38.0,6.9,15.7,0.439,2.7,7.0,0.387,0.48,0.78,0.2,3.7,3.9,3.6,1.1,0.4,1.5,18.5
Deandre Ayton,24.0,PHO,C,67.0,7.8,13.2,0.589,0.1,0.4,0.292,0.597,0.76,2.6,7.4,10.0,1.7,0.6,0.8,1.8,18.0
Myles Turner,26.0,IND,C,62.0,6.5,11.8,0.548,1.5,4.0,0.373,0.638,0.783,1.4,6.1,7.5,1.4,0.6,2.3,1.7,18.0
D'Angelo Russell,26.0,2TM,PG,71.0,6.3,13.4,0.469,2.7,6.9,0.396,0.548,0.829,0.5,2.5,3.0,6.2,1.0,0.4,2.6,17.8
D'Angelo Russell,26.0,MIN,PG,54.0,6.3,13.5,0.465,2.7,7.0,0.391,0.546,0.856,0.5,2.5,3.1,6.2,1.1,0.4,2.7,17.9
D'Angelo Russell,26.0,LAL,PG,17.0,6.3,13.0,0.484,2.7,6.5,0.414,0.555,0.735,0.4,2.5,2.9,6.1,0.6,0.5,2.3,17.4
Nikola Vučević,32.0,CHI,C,82.0,7.3,14.0,0.52,1.5,4.2,0.349,0.594,0.835,1.9,9.1,11.0,3.2,0.7,0.7,1.7,17.6
Michael Porter Jr.,24.0,DEN,SF,62.0,6.4,13.2,0.487,3.0,7.3,0.414,0.579,0.8,1.0,4.5,5.5,1.0,0.6,0.5,1.1,17.4
Gary Trent Jr.,24.0,TOR,SG,66.0,6.1,14.2,0.433,2.5,6.8,0.369,0.493,0.839,0.5,2.2,2.6,1.6,1.6,0.2,0.8,17.4
Spencer Dinwiddie,29.0,2TM,SG,79.0,5.8,13.3,0.438,2.3,6.2,0.369,0.498,0.812,0.4,3.1,3.4,6.5,0.8,0.3,1.8,17.3
Spencer Dinwiddie,29.0,DAL,SG,53.0,6.0,13.1,0.455,2.6,6.4,0.405,0.504,0.821,0.4,2.7,3.1,5.3,0.7,0.3,1.7,17.7
Spencer Dinwiddie,29.0,BRK,PG,26.0,5.5,13.7,0.404,1.7,5.7,0.289,0.488,0.797,0.3,3.8,4.1,9.1,1.1,0.3,2.1,16.5
Andrew Wiggins,27.0,GSW,SF,37.0,6.8,14.3,0.473,2.4,6.1,0.396,0.53,0.611,1.6,3.4,5.0,2.3,1.2,0.8,1.3,17.1
Norman Powell,29.0,LAC,SG,60.0,5.7,11.8,0.479,1.9,4.8,0.397,0.534,0.812,0.4,2.5,2.9,1.8,0.8,0.3,1.7,17.0
OG Anunoby,25.0,TOR,SF,67.0,6.3,13.2,0.476,2.1,5.5,0.387,0.539,0.838,1.4,3.5,5.0,2.0,1.9,0.7,2.0,16.8
Buddy Hield,30.0,IND,SF,80.0,5.9,13.0,0.458,3.6,8.5,0.425,0.518,0.822,0.8,4.2,5.0,2.8,1.2,0.3,1.7,16.8
Bennedict Mathurin,20.0,IND,SG,78.0,5.3,12.2,0.434,1.3,4.0,0.323,0.488,0.828,1.1,3.0,4.1,1.5,0.6,0.2,1.9,16.7
Josh Giddey,20.0,OKC,PF,76.0,7.1,14.7,0.482,1.0,3.1,0.325,0.524,0.731,1.9,5.9,7.9,6.2,0.8,0.4,2.8,16.6
Christian Wood,27.0,DAL,C,67.0,5.9,11.5,0.515,1.6,4.2,0.376,0.594,0.772,1.3,6.0,7.3,1.8,0.4,1.1,1.8,16.6
Aaron Gordon,27.0,DEN,PF,68.0,6.3,11.2,0.564,0.9,2.5,0.347,0.628,0.608,2.4,4.1,6.6,3.0,0.8,0.8,1.4,16.3
Jaden Ivey,20.0,DET,SG,74.0,5.5,13.3,0.416,1.6,4.7,0.343,0.457,0.747,1.0,2.9,3.9,5.2,0.8,0.2,3.2,16.3
Evan Mobley,21.0,CLE,PF,79.0,6.6,12.0,0.554,0.3,1.3,0.216,0.595,0.674,2.4,6.6,9.0,2.8,0.8,1.5,1.8,16.2
RaiQuan Gray,23.0,BRK,PF,1.0,6.0,12.0,0.5,2.0,5.0,0.4,0.571,1.0,3.0,6.0,9.0,7.0,0.0,1.0,4.0,16.0
Brook Lopez,34.0,MIL,C,78.0,6.1,11.5,0.531,1.7,4.7,0.374,0.637,0.784,2.0,4.7,6.7,1.3,0.5,2.5,1.4,15.9
Russell Westbrook,34.0,2TM,PG,73.0,5.9,13.6,0.436,1.2,3.9,0.311,0.487,0.656,1.2,4.6,5.8,7.5,1.0,0.5,3.5,15.9
Russell Westbrook,34.0,LAL,PG,52.0,5.8,14.0,0.417,1.2,4.1,0.296,0.467,0.655,1.1,5.0,6.2,7.5,1.0,0.4,3.5,15.9
Russell Westbrook,34.0,LAC,PG,21.0,6.1,12.5,0.489,1.2,3.5,0.356,0.54,0.658,1.4,3.4,4.9,7.6,1.1,0.5,3.4,15.8
P.J. Washington,24.0,CHO,PF,73.0,5.9,13.4,0.444,2.0,5.9,0.348,0.518,0.73,1.0,3.9,4.9,2.4,0.9,1.1,1.5,15.7
Cameron Johnson,26.0,2TM,PF,42.0,5.3,11.3,0.47,2.5,6.1,0.404,0.548,0.842,0.8,3.6,4.4,1.9,1.2,0.3,0.9,15.5
Cameron Johnson,26.0,PHO,PF,17.0,4.8,10.2,0.474,2.6,5.8,0.455,0.5,0.818,0.8,3.0,3.8,1.5,0.9,0.4,0.6,13.9
Cameron Johnson,26.0,BRK,PF,25.0,5.6,12.0,0.468,2.3,6.2,0.372,0.572,0.851,0.8,4.0,4.8,2.1,1.4,0.3,1.1,16.6
De'Andre Hunter,25.0,ATL,SF,67.0,5.7,12.3,0.461,1.5,4.3,0.35,0.521,0.826,0.7,3.6,4.2,1.4,0.5,0.3,1.2,15.4
Scottie Barnes,21.0,TOR,SF,77.0,6.0,13.2,0.456,0.8,2.9,0.281,0.505,0.772,2.3,4.3,6.6,4.8,1.1,0.8,2.0,15.3
Skylar Mays,25.0,POR,PG,6.0,5.7,11.3,0.5,2.0,4.3,0.462,0.524,0.923,0.3,2.8,3.2,8.3,1.0,0.2,1.7,15.3
Wendell Carter Jr.,23.0,ORL,C,57.0,5.6,10.8,0.525,1.4,3.9,0.356,0.624,0.738,2.1,6.6,8.7,2.3,0.5,0.6,1.9,15.2
Kevin Huerter,24.0,SAC,SG,75.0,5.6,11.5,0.485,2.7,6.8,0.402,0.604,0.725,0.6,2.8,3.3,2.9,1.1,0.3,1.3,15.2
Khris Middleton,31.0,MIL,SF,33.0,5.4,12.3,0.436,1.5,4.9,0.315,0.516,0.902,0.8,3.4,4.2,4.9,0.7,0.2,2.2,15.1
Harrison Barnes,30.0,SAC,PF,82.0,4.6,9.6,0.473,1.6,4.3,0.374,0.553,0.847,1.1,3.4,4.5,1.6,0.7,0.1,1.0,15.0
Malcolm Brogdon,30.0,BOS,PG,67.0,5.3,10.9,0.484,2.0,4.4,0.444,0.51,0.87,0.6,3.6,4.2,3.7,0.7,0.3,1.5,14.9
Immanuel Quickley,23.0,NYK,SG,81.0,5.2,11.6,0.448,2.1,5.6,0.37,0.521,0.819,0.7,3.4,4.2,3.4,1.0,0.2,1.2,14.9
Alperen Şengün,20.0,HOU,C,75.0,5.9,10.7,0.553,0.3,0.8,0.333,0.57,0.715,3.2,5.8,9.0,3.9,0.9,0.9,2.6,14.8
Tobias Harris,30.0,PHI,SF,74.0,5.7,11.4,0.501,1.7,4.4,0.389,0.57,0.876,0.9,4.8,5.7,2.5,0.9,0.5,1.2,14.7
Gordon Hayward,32.0,CHO,SF,50.0,5.5,11.6,0.475,1.0,3.2,0.325,0.532,0.811,0.7,3.6,4.3,4.1,0.8,0.2,2.0,14.7
Trey Murphy III,22.0,NOP,SF,79.0,4.9,10.1,0.484,2.6,6.3,0.406,0.611,0.905,0.7,2.8,3.6,1.4,1.1,0.5,0.8,14.5
Tim Hardaway Jr.,30.0,DAL,SF,71.0,4.8,11.9,0.401,3.0,7.7,0.385,0.431,0.77,0.3,3.2,3.5,1.8,0.7,0.2,0.8,14.4
Jarrett Allen,24.0,CLE,C,68.0,5.9,9.2,0.644,0.0,0.1,0.1,0.653,0.733,3.3,6.5,9.8,1.7,0.8,1.2,1.4,14.3
Dillon Brooks,27.0,MEM,SF,73.0,5.4,13.6,0.396,2.0,6.0,0.326,0.451,0.779,0.6,2.7,3.3,2.6,0.9,0.2,1.4,14.3
Collin Sexton,24.0,UTA,PG,48.0,4.9,9.8,0.506,1.0,2.5,0.393,0.546,0.819,0.8,1.4,2.2,2.9,0.6,0.1,1.8,14.3
Bobby Portis,27.0,MIL,PF,70.0,5.7,11.5,0.496,1.4,3.7,0.37,0.555,0.768,2.2,7.4,9.6,1.5,0.4,0.2,1.2,14.1
Jonas Valančiūnas,30.0,NOP,C,79.0,5.6,10.3,0.547,0.5,1.4,0.349,0.577,0.826,2.8,7.3,10.2,1.8,0.3,0.7,2.0,14.1
Jalen Williams,21.0,OKC,SG,75.0,5.5,10.6,0.521,1.0,2.7,0.356,0.579,0.812,1.1,3.4,4.5,3.3,1.4,0.5,1.6,14.1
Bogdan Bogdanović,30.0,ATL,SG,54.0,5.1,11.3,0.447,2.7,6.7,0.406,0.506,0.831,0.4,2.6,3.1,2.8,0.8,0.3,1.2,14.0
Markelle Fultz,24.0,ORL,PG,60.0,5.8,11.3,0.514,0.5,1.5,0.31,0.544,0.783,1.2,2.8,3.9,5.7,1.5,0.4,2.3,14.0
Chris Paul,37.0,PHO,PG,59.0,5.0,11.3,0.44,1.7,4.4,0.375,0.482,0.831,0.5,3.8,4.3,8.9,1.5,0.4,1.9,13.9
Saddiq Bey,23.0,2TM,SF,77.0,4.6,10.9,0.422,2.0,5.4,0.361,0.483,0.861,1.3,3.4,4.7,1.5,0.9,0.2,0.9,13.8
Saddiq Bey,23.0,DET,SF,52.0,4.7,11.7,0.404,1.9,5.6,0.345,0.46,0.861,1.1,3.5,4.7,1.6,1.0,0.2,1.0,14.8
Saddiq Bey,23.0,ATL,SF,25.0,4.3,9.2,0.47,2.0,5.0,0.4,0.552,0.862,1.6,3.2,4.8,1.4,0.8,0.0,0.7,11.6
Luguentz Dort,23.0,OKC,SF,74.0,4.6,11.8,0.388,1.8,5.5,0.33,0.44,0.772,1.7,2.9,4.6,2.1,1.0,0.3,1.2,13.7
Malik Monk,24.0,SAC,SG,77.0,4.6,10.3,0.448,1.9,5.2,0.359,0.538,0.889,0.4,2.2,2.6,3.9,0.6,0.3,1.9,13.5
Rudy Gobert,30.0,MIN,C,70.0,5.1,7.8,0.659,0.0,0.0,0.0,0.663,0.644,3.3,8.3,11.6,1.2,0.8,1.4,1.7,13.4
Jusuf Nurkić,28.0,POR,C,52.0,5.0,9.7,0.519,0.8,2.3,0.361,0.567,0.661,2.2,6.9,9.1,2.9,0.8,0.8,2.3,13.3
Kris Dunn,28.0,UTA,PG,22.0,5.3,9.8,0.537,0.8,1.6,0.472,0.55,0.774,0.4,4.1,4.5,5.6,1.1,0.5,1.6,13.2
John Collins,25.0,ATL,PF,71.0,5.1,10.0,0.508,1.0,3.4,0.292,0.619,0.803,1.1,5.4,6.5,1.2,0.6,1.0,1.1,13.1
Cole Anthony,22.0,ORL,PG,60.0,4.6,10.2,0.454,1.3,3.4,0.364,0.5,0.894,0.8,4.0,4.8,3.9,0.6,0.5,1.5,13.0
Austin Reaves,24.0,LAL,SG,64.0,4.0,7.7,0.529,1.3,3.4,0.398,0.631,0.864,0.5,2.5,3.0,3.4,0.5,0.3,1.5,13.0
Tre Jones,23.0,SAS,PG,68.0,5.0,10.9,0.459,0.7,2.3,0.285,0.506,0.86,0.8,2.8,3.6,6.6,1.3,0.1,1.6,12.9
Alec Burks,31.0,DET,SG,51.0,3.9,9.0,0.436,1.9,4.7,0.414,0.459,0.814,0.4,2.7,3.1,2.2,0.7,0.2,1.1,12.8
Jabari Smith Jr.,19.0,HOU,PF,79.0,4.6,11.3,0.408,1.5,4.9,0.307,0.487,0.786,1.5,5.7,7.2,1.3,0.5,0.9,1.3,12.8
Malik Beasley,26.0,2TM,SG,81.0,4.6,11.6,0.395,2.9,8.1,0.357,0.484,0.769,0.4,3.1,3.5,1.5,0.8,0.1,1.1,12.7
Malik Beasley,26.0,UTA,SG,55.0,4.8,12.2,0.396,3.1,8.6,0.359,0.485,0.841,0.5,3.1,3.6,1.7,0.8,0.1,1.1,13.4
Malik Beasley,26.0,LAL,SG,26.0,4.0,10.3,0.392,2.5,7.2,0.353,0.481,0.619,0.3,3.0,3.3,1.2,0.8,0.0,1.2,11.1
KJ Martin,22.0,HOU,SF,82.0,5.0,8.8,0.569,0.8,2.6,0.315,0.679,0.68,1.5,4.0,5.5,1.5,0.5,0.4,1.1,12.7
Nic Claxton,23.0,BRK,C,76.0,5.4,7.7,0.705,0.0,0.0,0.0,0.708,0.541,2.4,6.8,9.2,1.9,0.9,2.5,1.3,12.6
Dennis Schröder,29.0,LAL,PG,66.0,4.1,9.8,0.415,1.1,3.4,0.329,0.461,0.857,0.3,2.2,2.5,4.5,0.8,0.2,1.7,12.6
Jakob Poeltl,27.0,2TM,C,72.0,5.4,8.6,0.629,0.0,0.0,0.0,0.63,0.592,3.3,5.8,9.1,2.7,0.9,1.2,1.7,12.5
Jakob Poeltl,27.0,SAS,C,46.0,5.2,8.4,0.616,0.0,0.0,0.0,0.618,0.605,3.3,5.7,9.0,3.1,0.8,1.1,2.1,12.1
Jakob Poeltl,27.0,TOR,C,26.0,5.8,8.8,0.652,0.0,0.0,0.0,0.652,0.569,3.2,5.9,9.1,2.2,1.2,1.3,1.1,13.1
Mac McClung,24.0,PHI,SG,2.0,4.5,10.0,0.45,2.0,5.5,0.364,0.556,0.6,1.5,3.5,5.0,4.5,0.0,0.0,1.5,12.5
Kelly Olynyk,31.0,UTA,C,68.0,4.1,8.2,0.499,1.4,3.5,0.394,0.576,0.853,1.2,5.0,6.2,3.7,0.9,0.5,2.5,12.5
Eric Gordon,34.0,2TM,SG,69.0,4.2,9.5,0.446,1.9,5.2,0.371,0.535,0.821,0.2,1.7,1.9,2.7,0.6,0.4,1.5,12.4
Eric Gordon,34.0,HOU,SG,47.0,4.5,10.2,0.439,1.8,5.2,0.347,0.536,0.815,0.3,1.8,2.1,2.9,0.6,0.4,1.8,13.1
Eric Gordon,34.0,LAC,SG,22.0,3.7,8.0,0.463,2.1,5.0,0.423,0.531,0.842,0.2,1.5,1.7,2.1,0.6,0.4,1.0,11.0
Derrick White,28.0,BOS,SG,82.0,4.3,9.2,0.462,1.8,4.8,0.381,0.548,0.875,0.6,2.9,3.6,3.9,0.7,0.9,1.2,12.4
Keegan Murray,22.0,SAC,SF,80.0,4.4,9.8,0.453,2.6,6.3,0.411,0.527,0.765,1.1,3.5,4.6,1.2,0.8,0.5,0.8,12.2
Caris LeVert,28.0,CLE,SG,74.0,4.3,10.0,0.431,1.7,4.4,0.392,0.462,0.722,0.7,3.1,3.8,3.9,1.0,0.3,1.6,12.1
Jaden McDaniels,22.0,MIN,SF,79.0,4.7,9.1,0.517,1.4,3.4,0.398,0.588,0.736,1.2,2.7,3.9,1.9,0.9,1.0,1.4,12.1
Marvin Bagley III,23.0,DET,C,42.0,4.8,9.1,0.529,0.5,1.6,0.288,0.579,0.75,2.2,4.2,6.4,0.9,0.5,0.7,1.1,12.0
Clint Capela,28.0,ATL,C,65.0,5.4,8.2,0.653,0.0,0.0,0.0,0.654,0.603,4.0,7.1,11.0,0.9,0.7,1.2,0.8,12.0
Mike Conley,35.0,2TM,PG,67.0,3.9,9.1,0.428,2.0,5.2,0.385,0.486,0.834,0.5,2.2,2.7,6.7,1.1,0.2,1.5,11.9
Mike Conley,35.0,UTA,PG,43.0,3.6,8.7,0.408,1.8,5.0,0.362,0.469,0.813,0.4,2.1,2.5,7.7,1.0,0.2,1.7,10.7
Mike Conley,35.0,MIN,PG,24.0,4.5,9.8,0.46,2.4,5.8,0.42,0.515,0.863,0.7,2.5,3.1,5.0,1.2,0.2,1.2,14.0
Bones Hyland,22.0,2TM,PG,56.0,4.1,10.2,0.399,2.1,5.6,0.371,0.434,0.843,0.4,2.1,2.4,3.1,0.7,0.3,1.5,11.8
Bones Hyland,22.0,DEN,PG,42.0,4.1,10.3,0.399,2.2,5.7,0.378,0.425,0.866,0.2,1.8,2.0,3.0,0.7,0.3,1.6,12.1
Bones Hyland,22.0,LAC,PG,14.0,3.9,9.8,0.401,1.9,5.3,0.351,0.46,0.75,0.7,2.8,3.5,3.4,0.8,0.1,1.1,10.8
Lonnie Walker IV,24.0,LAL,SG,56.0,4.2,9.4,0.448,1.6,4.4,0.365,0.522,0.858,0.3,1.7,1.9,1.1,0.5,0.3,0.8,11.7
Zach Collins,25.0,SAS,C,63.0,4.5,8.7,0.518,0.9,2.3,0.374,0.571,0.761,1.8,4.5,6.4,2.9,0.6,0.8,2.0,11.6
Bruce Brown,26.0,DEN,SF,80.0,4.5,9.3,0.483,1.1,3.2,0.358,0.548,0.758,0.8,3.3,4.1,3.4,1.1,0.6,1.5,11.5
Naz Reid,23.0,MIN,C,68.0,4.6,8.5,0.537,1.1,3.2,0.346,0.653,0.677,1.1,3.8,4.9,1.1,0.6,0.8,1.4,11.5
Marcus Smart,28.0,BOS,PG,61.0,4.1,9.9,0.415,1.9,5.6,0.336,0.519,0.746,0.8,2.4,3.1,6.3,1.5,0.4,2.3,11.5
Max Strus,26.0,MIA,SF,80.0,4.1,9.9,0.41,2.5,7.0,0.35,0.559,0.876,0.6,2.6,3.2,2.1,0.5,0.2,0.9,11.5
John Wall,32.0,LAC,PG,34.0,4.1,9.9,0.408,1.0,3.2,0.303,0.459,0.681,0.4,2.3,2.7,5.2,0.8,0.4,2.4,11.4
Quentin Grimes,22.0,NYK,SG,71.0,4.0,8.5,0.468,2.2,5.7,0.386,0.641,0.796,0.7,2.5,3.2,2.1,0.7,0.4,1.0,11.3
Isaiah Stewart,21.0,DET,C,50.0,3.9,8.8,0.442,1.3,4.1,0.327,0.542,0.738,2.3,5.8,8.1,1.4,0.4,0.7,1.4,11.3
Rui Hachimura,24.0,2TM,PF,63.0,4.5,9.3,0.486,0.8,2.5,0.319,0.55,0.739,0.8,3.7,4.5,0.9,0.3,0.4,0.8,11.2
Rui Hachimura,24.0,WAS,PF,30.0,5.3,10.8,0.488,1.0,3.0,0.337,0.545,0.759,0.6,3.6,4.3,1.2,0.4,0.4,1.2,13.0
Rui Hachimura,24.0,LAL,PF,33.0,3.8,7.9,0.485,0.6,2.2,0.296,0.556,0.721,1.0,3.7,4.7,0.7,0.2,0.4,0.5,9.6
Kyle Lowry,36.0,MIA,PG,55.0,3.6,8.8,0.404,1.9,5.6,0.345,0.509,0.859,0.8,3.3,4.1,5.1,1.0,0.4,1.9,11.2
Marcus Morris,33.0,LAC,PF,65.0,4.2,9.9,0.426,1.7,4.7,0.364,0.484,0.782,0.4,3.5,4.0,1.8,0.6,0.3,0.9,11.2
Corey Kispert,23.0,WAS,SF,74.0,3.9,7.9,0.497,2.2,5.2,0.424,0.637,0.852,0.4,2.4,2.8,1.2,0.4,0.1,0.7,11.1
Jeremy Sochan,19.0,SAS,PF,56.0,4.5,9.9,0.453,0.6,2.4,0.246,0.519,0.698,1.7,3.6,5.3,2.5,0.8,0.4,1.7,11.0
Mason Plumlee,32.0,2TM,C,79.0,4.2,6.1,0.68,0.0,0.0,0.0,0.68,0.636,2.9,6.0,8.9,3.1,0.6,0.6,1.5,10.8
Mason Plumlee,32.0,CHO,C,56.0,4.7,7.1,0.669,0.0,0.0,0.0,0.669,0.605,3.3,6.3,9.7,3.7,0.6,0.6,1.6,12.2
Mason Plumlee,32.0,LAC,C,23.0,2.8,3.8,0.727,0.0,0.0,0.0,0.727,0.772,1.8,5.1,6.9,1.7,0.5,0.5,1.3,7.5
Kentavious Caldwell-Pope,29.0,DEN,SG,76.0,3.8,8.3,0.462,1.8,4.2,0.423,0.502,0.824,0.5,2.3,2.7,2.4,1.5,0.5,1.1,10.8
Jaylen Nowell,23.0,MIN,SG,65.0,4.3,9.6,0.448,1.0,3.6,0.289,0.542,0.778,0.6,2.1,2.6,2.0,0.6,0.1,1.0,10.8
Ivica Zubac,25.0,LAC,C,76.0,4.3,6.8,0.634,0.0,0.0,0.0,0.637,0.697,3.1,6.8,9.9,1.0,0.4,1.3,1.5,10.8
Talen Horton-Tucker,22.0,UTA,SG,65.0,4.0,9.4,0.419,0.9,3.1,0.286,0.485,0.75,0.6,2.6,3.2,3.8,0.6,0.4,1.9,10.7
Victor Oladipo,30.0,MIA,SG,42.0,3.8,9.6,0.397,1.7,5.0,0.33,0.471,0.747,0.4,2.7,3.0,3.5,1.4,0.3,2.1,10.7
Cam Thomas,21.0,BRK,SG,57.0,3.5,8.0,0.441,0.9,2.3,0.383,0.464,0.868,0.1,1.5,1.7,1.4,0.4,0.1,1.1,10.6
Jeenathan Williams,23.0,POR,SG,5.0,4.8,7.8,0.615,0.6,1.6,0.375,0.677,0.667,2.0,1.0,3.0,2.0,0.6,0.4,0.8,10.6
Moritz Wagner,25.0,ORL,C,57.0,3.5,6.9,0.5,0.9,2.9,0.313,0.631,0.841,1.2,3.3,4.5,1.5,0.6,0.2,1.2,10.5
Grayson Allen,27.0,MIL,SG,72.0,3.4,7.7,0.44,2.0,5.1,0.399,0.518,0.905,0.8,2.4,3.3,2.3,0.9,0.2,1.0,10.4
Killian Hayes,21.0,DET,PG,76.0,4.0,10.7,0.377,1.1,3.8,0.28,0.429,0.821,0.4,2.5,2.9,6.2,1.4,0.4,2.3,10.3
Tyus Jones,26.0,MEM,PG,80.0,3.9,8.9,0.438,1.5,4.1,0.371,0.495,0.8,0.4,2.2,2.5,5.2,1.0,0.1,0.9,10.3
Monte Morris,27.0,WAS,PG,62.0,4.0,8.3,0.48,1.3,3.3,0.382,0.543,0.831,0.4,3.0,3.4,5.3,0.7,0.2,1.0,10.3
Cameron Payne,28.0,PHO,PG,48.0,3.9,9.4,0.415,1.4,3.9,0.368,0.448,0.766,0.3,2.0,2.2,4.5,0.7,0.2,1.7,10.3
Reggie Jackson,32.0,2TM,PG,68.0,3.9,9.4,0.411,1.4,4.2,0.333,0.474,0.91,0.4,1.8,2.1,3.4,0.7,0.1,1.7,10.2
Reggie Jackson,32.0,LAC,PG,52.0,4.1,9.8,0.418,1.5,4.2,0.35,0.469,0.924,0.4,1.8,2.2,3.5,0.7,0.1,1.8,10.9
Reggie Jackson,32.0,DEN,PG,16.0,3.1,8.0,0.383,1.2,4.3,0.279,0.5,0.833,0.2,1.6,1.8,3.1,0.6,0.1,1.2,7.9
Malaki Branham,19.0,SAS,SG,66.0,4.1,9.3,0.44,1.2,3.9,0.302,0.539,0.829,0.4,2.3,2.7,1.9,0.5,0.1,1.2,10.2
Doug McDermott,31.0,SAS,SF,64.0,3.7,8.2,0.457,1.9,4.7,0.413,0.516,0.757,0.4,1.8,2.2,1.4,0.2,0.1,0.9,10.2
Patrick Williams,21.0,CHI,PF,82.0,3.8,8.3,0.464,1.4,3.4,0.415,0.498,0.857,1.0,3.0,4.0,1.2,0.9,0.9,1.2,10.2
Josh Richardson,29.0,2TM,SG,65.0,3.7,8.5,0.431,1.6,4.5,0.365,0.506,0.852,0.6,2.1,2.7,2.7,1.1,0.3,1.3,10.1
Josh Richardson,29.0,SAS,SG,42.0,4.2,9.7,0.436,1.8,4.9,0.357,0.518,0.883,0.7,2.1,2.8,3.3,1.0,0.3,1.5,11.5
Josh Richardson,29.0,NOP,SG,23.0,2.7,6.4,0.419,1.4,3.7,0.384,0.468,0.762,0.5,2.0,2.4,1.6,1.3,0.4,1.0,7.5
De'Anthony Melton,24.0,PHI,SG,77.0,3.6,8.5,0.425,2.0,5.2,0.39,0.484,0.793,0.9,3.2,4.1,2.6,1.6,0.5,1.3,10.1
Aaron Nesmith,23.0,IND,SF,73.0,3.5,8.1,0.427,1.6,4.3,0.366,0.496,0.838,0.8,2.9,3.8,1.3,0.8,0.5,1.0,10.1
James Wiseman,21.0,2TM,C,45.0,4.2,7.5,0.558,0.1,0.4,0.2,0.58,0.701,1.6,4.3,5.9,0.7,0.2,0.6,1.1,10.0
James Wiseman,21.0,GSW,C,21.0,2.8,4.5,0.628,0.0,0.1,0.5,0.63,0.684,0.9,2.6,3.5,0.7,0.1,0.3,0.7,6.9
James Wiseman,21.0,DET,C,24.0,5.4,10.2,0.531,0.1,0.8,0.167,0.559,0.712,2.3,5.8,8.1,0.7,0.2,0.8,1.5,12.7
Brandon Clarke,26.0,MEM,PF,56.0,4.1,6.2,0.656,0.0,0.1,0.167,0.665,0.723,1.6,3.9,5.5,1.3,0.6,0.7,1.0,10.0
Jonathan Kuminga,20.0,GSW,PF,67.0,3.9,7.4,0.525,0.8,2.2,0.37,0.59,0.652,1.0,2.4,3.4,1.9,0.6,0.5,1.4,9.9
Onyeka Okongwu,22.0,ATL,C,80.0,4.0,6.2,0.638,0.1,0.2,0.308,0.647,0.781,2.7,4.5,7.2,1.0,0.7,1.3,1.0,9.9
Luka Šamanić,23.0,UTA,PF,7.0,3.7,8.1,0.456,1.1,4.4,0.258,0.692,0.692,0.0,4.3,4.3,2.1,0.9,0.3,1.4,9.9
Shaedon Sharpe,19.0,POR,SG,80.0,3.8,8.1,0.472,1.3,3.5,0.36,0.559,0.714,0.8,2.2,3.0,1.2,0.5,0.3,1.0,9.9
Jalen Suggs,21.0,ORL,SG,53.0,3.5,8.4,0.419,1.2,3.8,0.327,0.496,0.723,1.0,2.0,3.0,2.9,1.3,0.5,1.8,9.9
Thomas Bryant,25.0,2TM,C,59.0,3.9,6.3,0.623,0.4,1.0,0.441,0.658,0.738,1.5,4.3,5.7,0.5,0.3,0.5,0.6,9.8
Thomas Bryant,25.0,LAL,C,41.0,4.8,7.3,0.654,0.5,1.2,0.44,0.697,0.741,1.6,5.2,6.8,0.7,0.3,0.6,0.7,12.1
Thomas Bryant,25.0,DEN,C,18.0,1.8,3.8,0.485,0.2,0.5,0.444,0.492,0.722,1.1,2.3,3.3,0.1,0.1,0.4,0.6,4.6
Josh Hart,27.0,2TM,SF,76.0,3.6,6.8,0.529,0.8,2.2,0.372,0.601,0.75,1.9,5.9,7.8,3.8,1.2,0.3,1.5,9.8
Josh Hart,27.0,POR,SF,51.0,3.6,7.1,0.504,0.7,2.2,0.304,0.594,0.731,1.9,6.3,8.2,3.9,1.1,0.2,1.5,9.5
Josh Hart,27.0,NYK,SF,25.0,3.7,6.3,0.586,1.1,2.1,0.519,0.619,0.789,1.9,5.2,7.0,3.6,1.4,0.5,1.5,10.2
Al Horford,36.0,BOS,C,63.0,3.6,7.6,0.476,2.3,5.2,0.446,0.539,0.714,1.2,5.0,6.2,3.0,0.5,1.0,0.6,9.8
Herbert Jones,24.0,NOP,PF,66.0,3.6,7.6,0.469,0.8,2.5,0.335,0.536,0.764,1.5,2.6,4.1,2.5,1.6,0.6,1.3,9.8
Julian Champagnie,21.0,2TM,SF,17.0,3.5,7.6,0.454,1.9,4.8,0.402,0.542,0.824,0.6,2.9,3.5,0.6,0.4,0.3,0.6,9.7
Julian Champagnie,21.0,PHI,SF,2.0,0.0,1.0,0.0,0.0,0.5,0.0,0.0,0.0,0.0,0.0,0.0,0.0,0.5,0.0,0.0,0.0
Julian Champagnie,21.0,SAS,SF,15.0,3.9,8.5,0.461,2.2,5.4,0.407,0.553,0.824,0.7,3.3,4.0,0.7,0.3,0.3,0.7,11.0
Cam Reddish,23.0,2TM,SF,40.0,3.5,7.8,0.446,1.1,3.6,0.313,0.56,0.853,0.5,1.8,2.2,1.4,1.0,0.4,1.2,9.7
Cam Reddish,23.0,NYK,SF,20.0,3.1,6.8,0.449,0.9,2.8,0.304,0.55,0.879,0.4,1.2,1.6,1.0,0.8,0.4,0.8,8.4
Cam Reddish,23.0,POR,SF,20.0,3.9,8.8,0.443,1.4,4.4,0.318,0.568,0.833,0.6,2.3,2.9,1.9,1.2,0.3,1.6,11.0
Keita Bates-Diop,27.0,SAS,PF,67.0,3.5,6.9,0.508,0.8,2.1,0.394,0.557,0.793,1.0,2.7,3.7,1.5,0.7,0.3,0.8,9.7
Coby White,22.0,CHI,SG,74.0,3.6,8.0,0.443,1.7,4.6,0.372,0.54,0.871,0.2,2.6,2.9,2.8,0.7,0.1,1.0,9.7
Caleb Martin,27.0,MIA,SF,71.0,3.6,7.7,0.464,1.2,3.3,0.356,0.545,0.805,1.2,3.6,4.8,1.6,1.0,0.4,1.1,9.6
Isaiah Joe,23.0,OKC,SG,73.0,3.1,7.0,0.441,2.2,5.4,0.409,0.553,0.82,0.4,2.0,2.4,1.2,0.7,0.1,0.5,9.5
Andrew Nembhard,23.0,IND,SG,75.0,3.8,8.6,0.441,1.2,3.5,0.35,0.504,0.79,0.5,2.2,2.7,4.5,0.9,0.2,1.7,9.5
Jalen McDaniels,25.0,2TM,SF,80.0,3.5,7.7,0.455,1.0,2.9,0.332,0.53,0.841,0.8,3.5,4.3,1.6,1.0,0.4,1.2,9.4
Jalen McDaniels,25.0,CHO,SF,56.0,3.9,8.8,0.447,1.2,3.6,0.322,0.534,0.846,0.8,4.0,4.8,2.0,1.2,0.5,1.4,10.6
Jalen McDaniels,25.0,PHI,SF,24.0,2.5,5.1,0.488,0.5,1.3,0.4,0.516,0.824,0.8,2.4,3.2,0.8,0.7,0.2,0.5,6.7
Kyle Anderson,29.0,MIN,PF,69.0,3.7,7.2,0.509,0.6,1.5,0.41,0.536,0.735,1.0,4.4,5.3,4.9,1.1,0.9,1.5,9.4
Chris Boucher,30.0,TOR,PF,76.0,3.4,7.0,0.493,0.8,2.5,0.328,0.585,0.762,2.1,3.5,5.5,0.4,0.6,0.8,0.5,9.4
Donte DiVincenzo,26.0,GSW,SG,72.0,3.3,7.5,0.435,2.1,5.3,0.397,0.525,0.817,1.1,3.4,4.5,3.5,1.3,0.1,1.6,9.4
Jalen Smith,22.0,IND,C,68.0,3.6,7.5,0.476,0.8,2.8,0.283,0.593,0.759,1.9,3.9,5.8,1.0,0.3,0.9,1.1,9.4
Gabe Vincent,26.0,MIA,PG,68.0,3.4,8.3,0.402,1.7,5.1,0.334,0.512,0.872,0.4,1.7,2.1,2.5,0.9,0.1,1.4,9.4
Luke Kennard,26.0,2TM,SG,59.0,3.2,6.5,0.492,2.3,4.6,0.494,0.487,0.949,0.3,2.4,2.7,1.5,0.5,0.1,0.8,9.3
Luke Kennard,26.0,LAC,SG,35.0,2.8,6.0,0.464,1.7,3.8,0.447,0.494,0.95,0.2,2.2,2.4,1.1,0.5,0.1,0.9,7.8
Luke Kennard,26.0,MEM,SG,24.0,3.8,7.1,0.526,3.1,5.7,0.54,0.471,0.947,0.4,2.8,3.1,2.3,0.5,0.0,0.7,11.3
Hamidou Diallo,24.0,DET,SF,56.0,3.8,6.7,0.573,0.1,0.4,0.238,0.593,0.588,1.0,2.4,3.5,1.0,0.9,0.3,1.3,9.3
Tari Eason,21.0,HOU,PF,82.0,3.6,8.0,0.448,0.7,2.1,0.343,0.486,0.752,2.4,3.7,6.0,1.1,1.2,0.6,1.2,9.3
Precious Achiuwa,23.0,TOR,C,55.0,3.6,7.3,0.485,0.5,2.0,0.269,0.564,0.702,1.8,4.1,6.0,0.9,0.6,0.5,1.1,9.2
Deni Avdija,22.0,WAS,SF,76.0,3.3,7.6,0.437,0.9,3.1,0.297,0.53,0.739,1.0,5.4,6.4,2.8,0.9,0.4,1.6,9.2
Seth Curry,32.0,BRK,SG,61.0,3.4,7.4,0.463,1.5,3.8,0.405,0.525,0.927,0.2,1.4,1.6,1.6,0.6,0.1,0.8,9.2
Walker Kessler,21.0,UTA,C,74.0,4.0,5.6,0.72,0.0,0.0,0.333,0.723,0.516,3.1,5.3,8.4,0.9,0.4,2.3,0.8,9.2
Bol Bol,23.0,ORL,PF,70.0,3.7,6.8,0.546,0.4,1.6,0.265,0.633,0.759,1.0,4.8,5.8,1.0,0.4,1.2,1.6,9.1
Jalen Duren,19.0,DET,C,67.0,3.9,5.9,0.648,0.0,0.0,0.0,0.652,0.611,3.4,5.5,8.9,1.1,0.7,0.9,1.4,9.1
Josh Green,22.0,DAL,SG,60.0,3.4,6.4,0.537,1.1,2.8,0.402,0.643,0.723,0.9,2.1,3.0,1.7,0.7,0.1,1.2,9.1
Naji Marshall,25.0,NOP,SF,77.0,3.2,7.4,0.433,0.9,2.8,0.303,0.513,0.789,0.6,3.0,3.6,2.5,0.7,0.2,1.3,9.1
Taurean Prince,28.0,MIN,PF,54.0,3.3,7.0,0.467,1.4,3.6,0.381,0.557,0.844,0.3,2.2,2.4,1.6,0.5,0.3,1.3,9.1
Jae'Sean Tate,27.0,HOU,SF,31.0,3.5,7.4,0.48,0.4,1.5,0.283,0.53,0.725,1.3,2.5,3.8,2.7,0.7,0.2,1.5,9.1
Santi Aldama,22.0,MEM,PF,77.0,3.2,6.8,0.47,1.2,3.5,0.353,0.591,0.75,1.1,3.7,4.8,1.3,0.6,0.6,0.8,9.0
Jose Alvarado,24.0,NOP,PG,61.0,3.3,8.0,0.411,1.4,4.0,0.336,0.488,0.813,0.5,1.9,2.3,3.0,1.1,0.2,1.3,9.0
Daniel Gafford,24.0,WAS,C,78.0,3.7,5.1,0.732,0.0,0.0,0.0,0.732,0.679,2.1,3.5,5.6,1.1,0.4,1.3,1.1,9.0
Mark Williams,21.0,CHO,C,43.0,3.7,5.8,0.637,0.0,0.0,0.0,0.637,0.691,2.2,4.9,7.1,0.4,0.7,1.0,0.9,9.0
AJ Griffin,19.0,ATL,SF,72.0,3.4,7.4,0.465,1.4,3.6,0.39,0.536,0.894,0.5,1.6,2.1,1.0,0.6,0.2,0.6,8.9
Jaden Hardy,20.0,DAL,SG,48.0,3.0,6.9,0.438,1.3,3.3,0.404,0.469,0.823,0.2,1.6,1.9,1.4,0.4,0.1,1.0,8.8
Shaquille Harrison,29.0,POR,SG,5.0,3.0,7.2,0.417,0.6,2.0,0.3,0.462,0.733,0.2,4.2,4.4,6.0,2.2,0.4,1.2,8.8
Terance Mann,26.0,LAC,SG,81.0,3.4,6.5,0.519,1.0,2.4,0.389,0.598,0.78,1.0,2.5,3.4,2.3,0.5,0.3,1.0,8.8
Royce O'Neale,29.0,BRK,SF,76.0,3.0,7.8,0.386,2.1,5.5,0.389,0.379,0.725,0.7,4.3,5.1,3.7,0.9,0.6,1.5,8.8
Dennis Smith Jr.,25.0,CHO,PG,54.0,3.4,8.4,0.412,0.4,2.1,0.216,0.475,0.736,0.5,2.6,3.1,4.8,1.4,0.5,1.5,8.8
Jordan Nwora,24.0,2TM,SF,62.0,3.1,7.2,0.436,1.4,3.4,0.408,0.462,0.791,0.8,2.9,3.7,1.4,0.4,0.2,1.1,8.7
Jordan Nwora,24.0,MIL,SF,38.0,2.0,5.2,0.386,1.1,2.7,0.392,0.379,0.86,0.8,2.3,3.1,1.0,0.3,0.2,0.9,6.0
Jordan Nwora,24.0,IND,SF,24.0,4.9,10.3,0.476,1.9,4.5,0.422,0.518,0.721,0.9,3.8,4.7,2.1,0.5,0.3,1.3,13.0
T.J. McConnell,30.0,IND,PG,75.0,3.8,6.9,0.543,0.3,0.8,0.441,0.556,0.853,0.6,2.5,3.1,5.3,1.1,0.1,1.9,8.7
Cedi Osman,27.0,CLE,SF,77.0,3.1,6.9,0.451,1.5,4.1,0.372,0.564,0.694,0.3,2.0,2.3,1.5,0.5,0.1,0.7,8.7
Landry Shamet,25.0,PHO,SG,40.0,2.8,7.5,0.377,1.9,5.0,0.377,0.376,0.882,0.3,1.4,1.7,2.3,0.7,0.1,0.9,8.7
Steven Adams,29.0,MEM,C,42.0,3.7,6.3,0.597,0.0,0.0,0.0,0.599,0.364,5.1,6.5,11.5,2.3,0.9,1.1,1.9,8.6
Ayo Dosunmu,23.0,CHI,SG,80.0,3.5,7.1,0.493,0.7,2.4,0.312,0.583,0.805,0.6,2.2,2.8,2.6,0.8,0.3,1.2,8.6
Draymond Green,32.0,GSW,PF,73.0,3.4,6.5,0.527,0.5,1.8,0.305,0.612,0.713,0.9,6.3,7.2,6.8,1.0,0.8,2.8,8.5
Shake Milton,26.0,PHI,SG,76.0,3.2,6.6,0.479,0.7,1.9,0.378,0.521,0.853,0.5,2.0,2.5,3.2,0.3,0.2,1.2,8.4
Dorian Finney-Smith,29.0,2TM,PF,66.0,3.0,7.6,0.391,1.7,5.1,0.337,0.503,0.763,1.7,3.1,4.8,1.5,0.8,0.5,0.9,8.3
Dorian Finney-Smith,29.0,DAL,PF,40.0,3.2,7.8,0.416,1.9,5.4,0.355,0.559,0.75,1.7,3.0,4.7,1.5,1.0,0.5,0.9,9.1
Dorian Finney-Smith,29.0,BRK,PF,26.0,2.6,7.3,0.351,1.4,4.7,0.306,0.429,0.789,1.8,3.1,4.9,1.6,0.7,0.6,1.0,7.2
Terrence Ross,31.0,2TM,SG,63.0,3.2,7.4,0.43,1.5,4.1,0.368,0.507,0.794,0.3,2.1,2.4,1.5,0.6,0.2,0.7,8.3
Terrence Ross,31.0,ORL,SG,42.0,3.1,7.1,0.431,1.5,3.8,0.381,0.489,0.75,0.2,1.8,2.0,1.3,0.6,0.2,0.9,8.0
Terrence Ross,31.0,PHO,SG,21.0,3.4,7.9,0.428,1.6,4.7,0.347,0.544,0.857,0.6,2.7,3.3,2.0,0.5,0.1,0.3,9.0
Gary Harris,28.0,ORL,SG,48.0,2.9,6.4,0.45,2.0,4.5,0.431,0.494,0.9,0.4,1.6,2.0,1.2,0.9,0.3,0.6,8.3
Kevin Love,34.0,2TM,PF,62.0,2.7,6.8,0.389,1.6,4.8,0.334,0.516,0.879,1.0,5.5,6.4,1.9,0.3,0.2,1.1,8.2
Kevin Love,34.0,CLE,PF,41.0,2.7,7.0,0.389,1.7,4.8,0.354,0.467,0.889,1.0,5.8,6.8,1.9,0.2,0.2,1.1,8.5
Kevin Love,34.0,MIA,PF,21.0,2.6,6.6,0.388,1.4,4.8,0.297,0.632,0.857,0.8,4.9,5.7,1.9,0.4,0.2,1.1,7.7
Damion Lee,30.0,PHO,SG,74.0,2.7,6.1,0.442,1.5,3.3,0.445,0.439,0.904,0.5,2.5,3.0,1.3,0.4,0.1,1.1,8.2
Georges Niang,29.0,PHI,PF,78.0,2.8,6.4,0.442,2.0,4.9,0.401,0.576,0.867,0.2,2.1,2.4,1.0,0.4,0.2,0.7,8.2
Nick Richards,25.0,CHO,C,65.0,3.0,4.8,0.629,0.0,0.0,1.0,0.628,0.749,2.3,4.1,6.4,0.6,0.2,1.1,0.9,8.2
Aleksej Pokusevski,21.0,OKC,PF,34.0,3.2,7.3,0.434,1.1,3.1,0.365,0.483,0.629,1.3,3.4,4.7,1.9,0.6,1.3,1.3,8.1
Grant Williams,24.0,BOS,PF,79.0,2.7,6.0,0.454,1.5,3.7,0.395,0.546,0.77,1.1,3.5,4.6,1.7,0.5,0.4,1.0,8.1
Jevon Carter,27.0,MIL,PG,81.0,3.0,7.0,0.423,1.8,4.2,0.421,0.425,0.816,0.4,2.1,2.5,2.4,0.8,0.4,1.0,8.0
Kemba Walker,32.0,DAL,PG,9.0,2.7,6.3,0.421,0.8,3.1,0.25,0.586,0.81,0.3,1.4,1.8,2.1,0.2,0.2,0.4,8.0
Kenrich Williams,28.0,OKC,PF,53.0,3.4,6.5,0.517,0.9,2.5,0.373,0.608,0.436,1.8,3.1,4.9,2.0,0.8,0.3,0.6,8.0
Robert Williams,25.0,BOS,C,35.0,3.6,4.9,0.747,0.0,0.0,0.0,0.751,0.61,3.0,5.4,8.3,1.4,0.6,1.4,1.0,8.0
Gabe York,29.0,IND,SG,3.0,2.7,7.0,0.381,2.0,6.0,0.333,0.667,1.0,0.0,2.0,2.0,1.7,0.7,0.0,0.0,8.0
Jarred Vanderbilt,23.0,2TM,PF,78.0,3.2,5.8,0.548,0.4,1.2,0.322,0.604,0.691,2.2,5.3,7.5,2.4,1.1,0.3,1.2,7.9
Jarred Vanderbilt,23.0,UTA,PF,52.0,3.3,6.0,0.556,0.4,1.1,0.333,0.606,0.657,2.3,5.5,7.9,2.7,1.0,0.3,1.3,8.3
Jarred Vanderbilt,23.0,LAL,PF,26.0,2.8,5.4,0.529,0.4,1.3,0.303,0.598,0.784,1.9,4.8,6.7,1.6,1.2,0.2,1.1,7.2
Ochai Agbaji,22.0,UTA,SG,59.0,2.8,6.5,0.427,1.4,3.9,0.355,0.532,0.812,0.7,1.3,2.1,1.1,0.3,0.3,0.7,7.9
Chris Duarte,25.0,IND,SF,46.0,2.7,7.2,0.369,1.2,3.8,0.316,0.428,0.847,0.4,2.1,2.5,1.4,0.5,0.2,0.9,7.9
Duane Washington Jr.,22.0,PHO,SG,31.0,3.0,8.3,0.367,1.3,3.6,0.36,0.372,0.667,0.1,1.1,1.2,2.0,0.2,0.1,1.1,7.9
Jeff Green,36.0,DEN,PF,56.0,2.9,5.9,0.488,0.5,1.9,0.288,0.58,0.744,0.7,1.9,2.6,1.2,0.3,0.3,0.8,7.8
Tre Mann,21.0,OKC,PG,67.0,2.9,7.5,0.393,1.2,3.8,0.315,0.475,0.764,0.4,1.9,2.3,1.8,0.6,0.2,0.9,7.7
Pat Connaughton,30.0,MIL,SF,61.0,2.7,6.9,0.392,1.8,5.3,0.339,0.566,0.659,0.8,3.8,4.6,1.3,0.6,0.2,0.5,7.6
Joe Harris,31.0,BRK,SF,74.0,2.7,5.9,0.457,1.9,4.5,0.426,0.551,0.643,0.3,1.9,2.2,1.4,0.5,0.2,0.6,7.6
Trey Lyles,27.0,SAC,PF,74.0,2.5,5.5,0.458,1.2,3.2,0.363,0.595,0.815,0.9,3.1,4.1,0.9,0.4,0.4,0.9,7.6
T.J. Warren,29.0,2TM,PF,42.0,3.1,6.4,0.489,0.5,1.6,0.328,0.542,0.8,0.6,2.3,2.9,1.0,0.5,0.3,0.5,7.5
T.J. Warren,29.0,BRK,PF,26.0,3.9,7.7,0.51,0.6,1.8,0.333,0.566,0.818,0.5,2.3,2.8,1.1,0.6,0.3,0.7,9.5
T.J. Warren,29.0,PHO,SF,16.0,1.9,4.4,0.429,0.4,1.2,0.316,0.471,0.5,0.8,2.3,3.1,0.7,0.4,0.3,0.2,4.2
Devonte' Graham,27.0,2TM,PG,73.0,2.2,5.9,0.374,1.6,4.6,0.352,0.452,0.748,0.3,1.4,1.7,2.7,0.6,0.2,0.7,7.4
Devonte' Graham,27.0,NOP,PG,53.0,1.6,4.4,0.368,1.2,3.6,0.347,0.463,0.746,0.2,1.1,1.4,2.2,0.6,0.2,0.5,5.3
Devonte' Graham,27.0,SAS,PG,20.0,3.8,10.0,0.38,2.7,7.4,0.358,0.442,0.75,0.4,2.2,2.5,4.0,0.8,0.3,1.3,13.0
Torrey Craig,32.0,PHO,PF,79.0,2.9,6.3,0.456,1.3,3.2,0.395,0.518,0.711,1.8,3.6,5.4,1.5,0.6,0.8,0.9,7.4
Mitchell Robinson,24.0,NYK,C,59.0,3.2,4.7,0.671,0.0,0.0,0.0,0.671,0.484,4.5,4.9,9.4,0.9,0.9,1.8,0.7,7.4
Obi Toppin,24.0,NYK,PF,67.0,2.8,6.3,0.446,1.3,3.7,0.344,0.593,0.809,0.4,2.4,2.8,1.0,0.3,0.2,0.6,7.4
Trendon Watford,22.0,POR,PF,62.0,2.9,5.2,0.56,0.4,1.0,0.391,0.602,0.72,0.7,3.2,3.8,2.1,0.5,0.2,1.1,7.4
Delon Wright,30.0,WAS,PG,50.0,2.8,5.8,0.474,0.8,2.4,0.345,0.564,0.867,1.2,2.4,3.6,3.9,1.8,0.3,0.9,7.4
Jay Huff,24.0,WAS,C,7.0,2.1,3.6,0.6,0.9,1.7,0.5,0.692,0.938,0.9,2.1,3.0,1.4,0.4,0.6,0.7,7.3
Josh Okogie,24.0,PHO,SG,72.0,2.3,5.8,0.391,0.9,2.7,0.335,0.442,0.724,1.5,2.0,3.5,1.5,0.8,0.5,0.9,7.3
Reggie Bullock,31.0,DAL,SF,78.0,2.5,6.0,0.409,1.9,5.1,0.38,0.562,0.703,0.4,3.2,3.6,1.4,0.7,0.2,0.5,7.2
Isaiah Jackson,21.0,IND,C,63.0,2.8,5.0,0.563,0.0,0.2,0.143,0.582,0.651,1.8,2.7,4.5,0.8,0.5,1.5,0.8,7.2
Kendrick Nunn,27.0,2TM,SG,70.0,2.7,6.4,0.424,1.1,3.2,0.354,0.493,0.854,0.2,1.3,1.6,1.3,0.4,0.1,0.9,7.1
Kendrick Nunn,27.0,LAL,SG,39.0,2.6,6.4,0.406,1.1,3.2,0.325,0.488,0.81,0.1,1.3,1.4,0.9,0.3,0.1,0.8,6.7
Kendrick Nunn,27.0,WAS,SG,31.0,2.9,6.4,0.447,1.2,3.1,0.392,0.5,0.9,0.3,1.4,1.7,1.8,0.5,0.1,1.1,7.5
Troy Brown Jr.,23.0,LAL,SF,76.0,2.6,6.1,0.43,1.4,3.7,0.381,0.505,0.872,0.8,3.2,4.1,1.3,0.8,0.2,0.6,7.1
Edmond Sumner,27.0,BRK,SG,53.0,2.3,5.1,0.461,0.6,1.6,0.356,0.511,0.917,0.2,1.2,1.5,1.3,0.6,0.2,0.9,7.1
Lindell Wigginton,24.0,MIL,PG,7.0,2.6,5.3,0.486,0.9,2.6,0.333,0.632,0.889,0.0,1.0,1.0,2.0,0.0,0.3,1.7,7.1
Eugene Omoruyi,25.0,2TM,SF,40.0,2.5,5.7,0.443,0.6,2.2,0.281,0.547,0.68,1.1,1.7,2.8,0.7,0.7,0.1,0.9,7.0
Eugene Omoruyi,25.0,OKC,SF,23.0,1.9,4.1,0.468,0.3,1.3,0.258,0.571,0.607,1.0,1.3,2.3,0.5,0.6,0.0,0.7,4.9
Eugene Omoruyi,25.0,DET,SF,17.0,3.4,7.9,0.425,1.0,3.4,0.293,0.526,0.723,1.2,2.2,3.5,1.0,0.8,0.2,1.1,9.7
Chance Comanche,26.0,POR,C,1.0,3.0,5.0,0.6,0.0,0.0,0.0,0.6,0.25,2.0,1.0,3.0,0.0,0.0,1.0,0.0,7.0
Kevon Looney,26.0,GSW,C,82.0,3.0,4.7,0.63,0.0,0.0,0.0,0.632,0.606,3.3,5.9,9.3,2.5,0.6,0.6,0.5,7.0
Joshua Primo,20.0,SAS,SG,4.0,2.3,6.5,0.346,0.8,3.0,0.25,0.429,0.778,0.5,2.8,3.3,4.5,0.3,0.5,2.8,7.0
Daniel Theis,30.0,IND,C,7.0,3.0,6.3,0.477,0.3,1.6,0.182,0.576,0.417,1.0,2.1,3.1,1.3,0.3,0.9,0.4,7.0
Xavier Tillman Sr.,24.0,MEM,C,61.0,3.1,5.0,0.614,0.1,0.2,0.267,0.632,0.551,2.0,3.0,5.0,1.6,1.0,0.5,0.7,7.0
Svi Mykhailiuk,25.0,2TM,SF,32.0,2.4,5.4,0.445,1.3,3.1,0.424,0.473,0.667,0.5,1.2,1.7,1.7,0.5,0.1,0.8,6.9
Svi Mykhailiuk,25.0,NYK,SF,13.0,0.5,0.9,0.5,0.5,0.8,0.6,0.0,0.6,0.0,0.5,0.5,0.1,0.1,0.0,0.2,1.6
Svi Mykhailiuk,25.0,CHO,SF,19.0,3.7,8.5,0.441,1.9,4.7,0.404,0.486,0.676,0.8,1.6,2.4,2.7,0.7,0.2,1.2,10.6
Jae Crowder,32.0,MIL,PF,18.0,2.5,5.2,0.479,1.3,3.1,0.436,0.538,0.833,0.9,2.9,3.8,1.5,0.7,0.3,0.4,6.9
Willy Hernangómez,28.0,NOP,C,38.0,2.3,4.4,0.527,0.1,0.3,0.273,0.544,0.779,1.5,3.2,4.7,0.9,0.4,0.3,1.0,6.9
Joe Ingles,35.0,MIL,SF,46.0,2.3,5.4,0.435,1.8,4.4,0.409,0.556,0.857,0.3,2.5,2.8,3.3,0.7,0.1,1.2,6.9
Ty Jerome,25.0,GSW,SG,45.0,2.6,5.4,0.488,0.8,2.0,0.389,0.546,0.927,0.2,1.6,1.7,3.0,0.5,0.1,0.7,6.9
Cory Joseph,31.0,DET,PG,62.0,2.4,5.7,0.427,1.1,2.9,0.389,0.468,0.792,0.3,1.4,1.7,3.5,0.5,0.1,0.9,6.9
Romeo Langford,23.0,SAS,SG,43.0,2.8,6.0,0.467,0.4,1.4,0.262,0.53,0.696,1.3,1.3,2.7,1.2,0.6,0.3,0.7,6.9
Ben Simmons,26.0,BRK,PG,42.0,3.2,5.6,0.566,0.0,0.0,0.0,0.571,0.439,1.0,5.3,6.3,6.1,1.3,0.6,2.3,6.9
Will Barton,32.0,2TM,SG,56.0,2.5,6.5,0.379,1.2,3.2,0.367,0.391,0.787,0.3,2.2,2.4,2.0,0.5,0.2,0.9,6.8
Will Barton,32.0,WAS,SG,40.0,2.8,7.1,0.386,1.3,3.5,0.377,0.395,0.778,0.3,2.5,2.8,2.4,0.4,0.3,1.1,7.7
Will Barton,32.0,TOR,SG,16.0,1.8,4.9,0.354,0.9,2.6,0.333,0.378,1.0,0.3,1.3,1.6,1.1,0.7,0.2,0.2,4.5
Larry Nance Jr.,30.0,NOP,C,65.0,2.9,4.7,0.61,0.2,0.6,0.333,0.654,0.696,1.6,3.8,5.4,1.8,0.9,0.6,0.6,6.8
Jeremiah Robinson-Earl,22.0,OKC,PF,43.0,2.6,5.8,0.444,0.9,2.6,0.333,0.533,0.833,1.7,2.5,4.2,1.0,0.6,0.3,0.4,6.8
Aaron Wiggins,24.0,OKC,SG,70.0,2.7,5.2,0.512,0.7,1.7,0.393,0.573,0.831,1.0,2.0,3.0,1.1,0.6,0.2,0.8,6.8
Justise Winslow,26.0,POR,PF,29.0,2.8,6.8,0.409,0.5,1.6,0.311,0.438,0.714,1.7,3.3,5.0,3.4,1.0,0.4,1.5,6.8
Terence Davis,25.0,SAC,SG,64.0,2.4,5.7,0.423,1.4,3.8,0.366,0.537,0.791,0.3,1.9,2.2,1.0,0.7,0.2,0.8,6.7
Anthony Lamb,25.0,GSW,SF,62.0,2.4,5.1,0.471,1.2,3.2,0.367,0.652,0.767,0.9,2.6,3.5,1.5,0.5,0.3,0.9,6.7
Isaiah Livers,24.0,DET,PF,52.0,2.3,5.5,0.417,1.4,3.9,0.365,0.541,0.821,0.5,2.2,2.8,0.8,0.5,0.5,0.6,6.7
Théo Maledon,21.0,CHO,PG,44.0,2.3,5.8,0.402,0.6,2.2,0.295,0.465,0.851,0.3,2.5,2.8,3.5,0.8,0.3,1.3,6.7
Dwight Powell,31.0,DAL,C,76.0,2.6,3.5,0.732,0.0,0.1,0.0,0.746,0.667,2.0,2.2,4.1,0.9,0.6,0.3,0.9,6.7
David Roddy,21.0,MEM,PF,70.0,2.6,6.0,0.429,0.9,3.0,0.307,0.553,0.631,0.7,2.0,2.8,0.8,0.4,0.3,0.8,6.7
Kevin Knox,23.0,2TM,SF,63.0,2.4,5.3,0.458,1.0,3.0,0.349,0.596,0.767,0.5,2.3,2.8,0.5,0.4,0.2,0.8,6.6
Kevin Knox,23.0,DET,SF,42.0,2.0,4.3,0.469,1.0,2.8,0.371,0.651,0.788,0.5,2.1,2.6,0.4,0.3,0.3,0.8,5.6
Kevin Knox,23.0,POR,PF,21.0,3.2,7.3,0.444,1.0,3.3,0.314,0.554,0.741,0.7,2.6,3.3,0.9,0.5,0.0,0.9,8.5
Mo Bamba,24.0,2TM,C,49.0,2.4,4.9,0.485,1.0,2.5,0.387,0.59,0.661,1.2,3.4,4.6,0.9,0.3,0.9,0.6,6.6
Mo Bamba,24.0,ORL,C,40.0,2.7,5.4,0.495,1.1,2.7,0.398,0.594,0.686,1.2,3.4,4.6,1.1,0.3,1.0,0.6,7.3
Mo Bamba,24.0,LAL,C,9.0,1.2,3.0,0.407,0.6,1.8,0.313,0.545,0.545,1.2,3.3,4.6,0.4,0.1,0.6,0.9,3.7
Drew Eubanks,25.0,POR,C,78.0,2.7,4.3,0.641,0.1,0.2,0.389,0.655,0.664,1.7,3.7,5.4,1.3,0.5,1.3,0.9,6.6
Jordan Goodwin,24.0,WAS,PG,62.0,2.5,5.7,0.448,0.6,1.9,0.322,0.511,0.768,0.9,2.4,3.3,2.7,0.9,0.4,0.9,6.6
Jock Landale,27.0,PHO,C,69.0,2.6,4.9,0.528,0.3,1.2,0.25,0.621,0.752,1.7,2.3,4.1,1.0,0.2,0.4,0.9,6.6
Nassir Little,22.0,POR,SF,54.0,2.5,5.6,0.442,1.1,2.9,0.367,0.524,0.717,0.5,2.1,2.6,0.9,0.4,0.4,0.7,6.6
Brandon Boston Jr.,21.0,LAC,SF,22.0,2.3,5.5,0.418,0.5,1.3,0.414,0.419,0.763,0.3,1.0,1.4,0.9,0.4,0.0,0.5,6.5
Luka Garza,24.0,MIN,C,28.0,2.3,4.1,0.543,0.5,1.4,0.359,0.636,0.788,1.2,1.1,2.3,0.6,0.1,0.1,0.5,6.5
Jay Scrubb,22.0,ORL,SG,2.0,2.5,3.5,0.714,1.0,1.0,1.0,0.6,0.5,0.0,3.0,3.0,0.5,1.0,0.0,1.5,6.5
Cody Zeller,30.0,MIA,C,15.0,2.5,3.9,0.627,0.0,0.1,0.0,0.649,0.686,1.7,2.6,4.3,0.7,0.2,0.3,0.9,6.5
Dario Šarić,28.0,2TM,C,57.0,2.2,4.9,0.458,0.8,2.0,0.391,0.506,0.829,0.9,2.7,3.6,1.3,0.4,0.1,1.0,6.4
Dario Šarić,28.0,PHO,PF,37.0,2.1,4.8,0.427,0.7,1.9,0.391,0.45,0.818,1.1,2.8,3.8,1.5,0.4,0.1,1.0,5.8
Dario Šarić,28.0,OKC,C,20.0,2.6,5.0,0.515,0.9,2.3,0.391,0.623,0.844,0.7,2.6,3.3,0.9,0.4,0.1,1.0,7.4
R.J. Hampton,21.0,2TM,SG,47.0,2.2,5.0,0.43,0.9,2.5,0.353,0.504,0.75,0.4,1.5,1.9,1.1,0.6,0.2,0.9,6.4
R.J. Hampton,21.0,ORL,SG,26.0,1.9,4.4,0.439,0.7,2.0,0.34,0.525,0.838,0.3,1.2,1.5,1.3,0.6,0.2,0.8,5.7
R.J. Hampton,21.0,DET,SG,21.0,2.5,5.9,0.423,1.1,3.0,0.365,0.483,0.667,0.4,1.9,2.3,1.0,0.5,0.2,1.0,7.3
JaMychal Green,32.0,GSW,PF,57.0,2.4,4.4,0.54,0.7,1.9,0.378,0.667,0.776,1.3,2.3,3.6,0.9,0.4,0.4,0.9,6.4
Sam Hauser,25.0,BOS,SF,80.0,2.3,5.0,0.455,1.8,4.2,0.418,0.656,0.706,0.4,2.1,2.6,0.9,0.4,0.3,0.4,6.4
Isaac Okoro,22.0,CLE,SF,76.0,2.3,4.7,0.494,0.8,2.3,0.363,0.617,0.757,0.7,1.8,2.5,1.1,0.7,0.4,0.6,6.4
Duncan Robinson,28.0,MIA,SF,42.0,2.1,5.6,0.371,1.5,4.6,0.328,0.556,0.906,0.2,1.5,1.6,1.1,0.3,0.0,0.7,6.4
Goran Dragić,36.0,2TM,PG,58.0,2.4,5.8,0.421,0.9,2.5,0.359,0.468,0.689,0.3,1.1,1.4,2.6,0.2,0.1,1.1,6.3
Goran Dragić,36.0,CHI,PG,51.0,2.5,5.9,0.425,0.9,2.5,0.352,0.48,0.659,0.3,1.1,1.4,2.7,0.2,0.1,1.1,6.4
Goran Dragić,36.0,MIL,PG,7.0,2.0,5.1,0.389,1.0,2.4,0.412,0.368,1.0,0.4,1.3,1.7,1.7,0.3,0.0,1.0,5.6
Simone Fontecchio,27.0,UTA,SF,52.0,2.2,6.0,0.369,1.2,3.7,0.33,0.43,0.795,0.6,1.1,1.7,0.8,0.3,0.2,0.8,6.3
Patrick Beverley,34.0,2TM,PG,67.0,2.1,5.4,0.4,1.2,3.6,0.335,0.529,0.723,0.7,3.0,3.7,2.9,0.9,0.6,0.9,6.2
Patrick Beverley,34.0,LAL,SG,45.0,2.2,5.4,0.402,1.2,3.5,0.348,0.506,0.78,0.5,2.6,3.1,2.6,0.9,0.6,0.9,6.4
Patrick Beverley,34.0,CHI,PG,22.0,2.1,5.4,0.395,1.1,3.7,0.309,0.579,0.533,0.9,4.0,4.9,3.5,1.0,0.7,0.8,5.8
Nickeil Alexander-Walker,24.0,2TM,SG,59.0,2.2,5.0,0.444,1.0,2.7,0.384,0.515,0.667,0.3,1.5,1.7,1.8,0.5,0.4,0.9,6.2
Nickeil Alexander-Walker,24.0,UTA,SG,36.0,2.3,4.7,0.488,1.0,2.4,0.402,0.578,0.692,0.2,1.4,1.6,2.1,0.7,0.4,1.3,6.3
Nickeil Alexander-Walker,24.0,MIN,SG,23.0,2.1,5.4,0.384,1.1,3.1,0.361,0.415,0.619,0.3,1.5,1.8,1.4,0.3,0.3,0.4,5.9
Jared Butler,22.0,OKC,PG,6.0,2.5,5.3,0.469,1.2,2.3,0.5,0.444,0.0,0.2,0.5,0.7,1.3,0.8,0.0,0.8,6.2
Quenton Jackson,24.0,WAS,PG,9.0,2.1,4.7,0.452,0.1,1.3,0.083,0.6,0.773,0.2,0.7,0.9,1.7,0.4,0.1,0.4,6.2
Patty Mills,34.0,BRK,PG,40.0,2.2,5.2,0.411,1.2,3.4,0.366,0.493,0.833,0.2,0.9,1.1,1.4,0.4,0.1,0.8,6.2
Sandro Mamukelashvili,23.0,2TM,C,43.0,2.3,5.3,0.422,0.7,2.3,0.303,0.511,0.684,1.6,2.7,4.3,1.4,0.3,0.3,0.8,6.1
Sandro Mamukelashvili,23.0,MIL,C,24.0,0.8,2.4,0.328,0.3,1.3,0.219,0.462,0.667,0.8,1.6,2.3,0.7,0.2,0.2,0.4,2.4
Sandro Mamukelashvili,23.0,SAS,C,19.0,4.1,9.1,0.453,1.2,3.5,0.343,0.524,0.692,2.7,4.1,6.8,2.4,0.5,0.4,1.4,10.8
Mike Muscala,31.0,2TM,C,63.0,2.1,4.6,0.449,1.3,3.3,0.391,0.588,0.769,0.6,2.6,3.2,0.8,0.2,0.4,0.4,6.1
Mike Muscala,31.0,OKC,C,43.0,2.1,4.7,0.438,1.3,3.3,0.394,0.541,0.795,0.5,2.6,3.1,0.9,0.3,0.4,0.3,6.2
Mike Muscala,31.0,BOS,C,20.0,2.1,4.5,0.472,1.3,3.3,0.385,0.708,0.692,0.7,2.7,3.4,0.6,0.2,0.3,0.5,5.9
Nicolas Batum,34.0,LAC,PF,78.0,2.1,4.9,0.42,1.6,4.1,0.391,0.563,0.708,0.8,3.0,3.8,1.6,0.7,0.6,0.6,6.1
Oshae Brissett,24.0,IND,PF,65.0,1.9,4.9,0.386,0.7,2.4,0.31,0.457,0.717,1.0,2.4,3.4,0.7,0.5,0.2,0.5,6.1
Evan Fournier,30.0,NYK,SG,27.0,2.1,6.1,0.337,1.3,4.2,0.307,0.404,0.857,0.1,1.7,1.8,1.3,0.6,0.1,0.8,6.1
Saben Lee,23.0,2TM,PG,25.0,2.0,4.8,0.405,0.4,1.2,0.367,0.418,0.737,0.5,1.3,1.8,2.7,0.8,0.0,1.0,6.0
Saben Lee,23.0,PHI,PG,2.0,1.5,2.0,0.75,0.0,0.5,0.0,1.0,0.0,0.0,0.0,0.0,1.0,0.5,0.0,1.5,3.0
Saben Lee,23.0,PHO,PG,23.0,2.0,5.1,0.393,0.5,1.3,0.379,0.398,0.737,0.6,1.4,2.0,2.8,0.8,0.0,0.9,6.3
Robert Covington,32.0,LAC,PF,48.0,2.1,4.8,0.445,1.1,2.8,0.397,0.516,0.75,0.6,2.8,3.5,1.2,0.8,0.7,0.7,6.0
Andre Drummond,29.0,CHI,C,67.0,2.5,4.1,0.606,0.0,0.0,0.0,0.613,0.536,2.1,4.6,6.6,0.5,0.7,0.4,1.1,6.0
Maxi Kleber,31.0,DAL,PF,37.0,2.1,4.6,0.456,1.1,3.0,0.348,0.667,0.711,0.8,2.8,3.6,1.4,0.3,0.8,0.7,5.9
Jaylin Williams,20.0,OKC,C,49.0,2.1,4.8,0.436,0.9,2.3,0.407,0.463,0.704,0.9,4.0,4.9,1.6,0.6,0.2,0.8,5.9
Josh Christopher,21.0,HOU,SG,64.0,2.4,5.1,0.465,0.3,1.4,0.236,0.55,0.75,0.3,0.8,1.1,1.1,0.5,0.2,0.9,5.8
Johnny Davis,20.0,WAS,SG,28.0,2.4,6.1,0.386,0.6,2.5,0.243,0.485,0.519,0.4,2.0,2.3,1.0,0.4,0.3,0.6,5.8
Stanley Johnson,26.0,SAS,SF,30.0,2.2,4.1,0.533,0.6,1.3,0.45,0.573,0.667,0.7,2.4,3.2,2.2,0.5,0.2,1.1,5.8
Charles Bassey,22.0,SAS,C,35.0,2.5,3.9,0.644,0.1,0.2,0.375,0.661,0.595,2.1,3.4,5.5,1.4,0.5,0.9,1.2,5.7
Rodney McGruder,31.0,DET,SG,32.0,1.9,4.8,0.408,1.3,3.0,0.423,0.382,0.818,0.6,1.7,2.3,0.9,0.5,0.0,0.3,5.7
Ziaire Williams,21.0,MEM,SF,37.0,2.3,5.3,0.429,0.7,2.6,0.258,0.596,0.773,0.4,1.7,2.1,0.9,0.4,0.2,1.0,5.7
James Bouknight,22.0,CHO,SG,34.0,2.0,5.7,0.358,1.0,3.2,0.303,0.429,0.667,0.2,1.9,2.1,1.2,0.4,0.1,0.9,5.6
Alex Caruso,28.0,CHI,PG,67.0,1.9,4.3,0.455,0.8,2.3,0.364,0.556,0.808,0.6,2.3,2.9,2.9,1.5,0.7,1.1,5.6
Montrezl Harrell,29.0,PHI,C,57.0,2.2,3.7,0.598,0.0,0.1,0.0,0.616,0.693,1.2,1.6,2.8,0.6,0.3,0.4,0.6,5.6
Jalen Johnson,21.0,ATL,SF,70.0,2.3,4.6,0.491,0.4,1.5,0.288,0.587,0.628,0.7,3.3,4.0,1.2,0.5,0.5,0.6,5.6
Davion Mitchell,24.0,SAC,PG,80.0,2.3,5.0,0.454,0.8,2.5,0.32,0.584,0.806,0.2,1.1,1.3,2.3,0.6,0.2,0.8,5.6
Payton Pritchard,25.0,BOS,PG,48.0,2.1,5.1,0.412,1.2,3.2,0.364,0.495,0.75,0.5,1.3,1.8,1.3,0.3,0.0,0.8,5.6
Derrick Rose,34.0,NYK,PG,27.0,2.3,5.9,0.384,0.7,2.3,0.302,0.438,0.917,0.3,1.2,1.5,1.7,0.3,0.2,0.8,5.6
Yuta Watanabe,28.0,BRK,SF,58.0,2.0,4.0,0.491,1.0,2.3,0.444,0.557,0.723,0.5,1.9,2.4,0.8,0.4,0.3,0.4,5.6
Danny Green,35.0,2TM,SG,11.0,2.0,4.5,0.449,1.5,3.4,0.432,0.5,1.0,0.3,1.0,1.3,0.5,0.5,0.3,0.9,5.5
Danny Green,35.0,MEM,SG,3.0,1.0,3.7,0.273,1.0,2.7,0.375,0.0,0.0,0.3,1.0,1.3,0.7,0.3,0.0,1.0,3.0
Danny Green,35.0,CLE,SG,8.0,2.4,4.8,0.5,1.6,3.6,0.448,0.667,1.0,0.3,1.0,1.3,0.5,0.6,0.4,0.9,6.5
Jarrell Brantley,26.0,UTA,PF,4.0,2.0,3.5,0.571,1.0,2.3,0.444,0.8,1.0,0.3,1.3,1.5,0.8,0.0,0.5,0.5,5.5
Wenyen Gabriel,25.0,LAL,C,68.0,2.3,3.8,0.596,0.1,0.5,0.278,0.647,0.619,1.7,2.5,4.2,0.5,0.4,0.5,0.7,5.5
Nikola Jović,19.0,MIA,PF,15.0,1.9,4.6,0.406,0.5,2.3,0.229,0.588,0.947,0.6,1.5,2.1,0.7,0.5,0.1,0.7,5.5
Otto Porter Jr.,29.0,TOR,SF,8.0,1.9,3.8,0.5,0.8,2.1,0.353,0.692,1.0,0.8,1.6,2.4,1.0,1.4,0.0,0.5,5.5
Jamal Cain,23.0,MIA,PF,18.0,2.1,3.7,0.561,0.4,1.1,0.35,0.652,0.773,0.8,2.1,2.9,0.7,0.6,0.1,0.3,5.4
Bryce McGowens,20.0,CHO,SG,46.0,1.7,4.4,0.396,0.6,1.7,0.325,0.443,0.75,0.4,1.6,2.0,1.2,0.3,0.1,0.9,5.3
Lamar Stevens,25.0,CLE,SF,62.0,2.1,4.6,0.448,0.5,1.5,0.316,0.513,0.702,0.8,2.6,3.3,0.5,0.4,0.3,0.4,5.3
Dewayne Dedmon,33.0,2TM,C,38.0,2.0,4.0,0.51,0.3,1.0,0.308,0.58,0.673,0.9,2.6,3.5,0.7,0.2,0.5,0.7,5.2
Dewayne Dedmon,33.0,MIA,C,30.0,2.1,4.3,0.496,0.4,1.2,0.297,0.576,0.727,0.9,2.7,3.6,0.5,0.2,0.5,0.6,5.7
Dewayne Dedmon,33.0,PHI,C,8.0,1.6,2.8,0.591,0.1,0.3,0.5,0.6,0.2,0.8,2.4,3.1,1.3,0.3,0.6,0.8,3.5
Darius Bazley,22.0,2TM,C,43.0,1.9,4.3,0.454,0.5,1.2,0.377,0.485,0.543,0.8,2.4,3.2,0.9,0.5,0.8,0.6,5.2
Darius Bazley,22.0,OKC,C,36.0,2.0,4.4,0.449,0.5,1.3,0.4,0.469,0.554,0.8,2.6,3.4,0.9,0.5,0.8,0.6,5.4
Darius Bazley,22.0,PHO,C,7.0,1.7,3.6,0.48,0.3,1.1,0.25,0.588,0.4,0.7,1.6,2.3,0.9,0.4,0.7,0.7,4.0
Rudy Gay,36.0,UTA,PF,56.0,1.9,5.1,0.38,0.6,2.3,0.254,0.484,0.857,0.6,2.3,2.9,1.0,0.3,0.3,0.7,5.2
Javonte Green,29.0,CHI,SF,32.0,1.9,3.4,0.565,0.4,1.1,0.371,0.658,0.667,0.8,1.9,2.8,0.7,0.8,0.7,0.6,5.2
Zeke Nnaji,22.0,DEN,PF,53.0,2.1,3.7,0.561,0.3,1.2,0.262,0.71,0.645,1.2,1.4,2.6,0.3,0.3,0.4,0.6,5.2
Ricky Rubio,32.0,CLE,PG,33.0,1.8,5.4,0.343,0.6,2.5,0.256,0.417,0.8,0.3,1.8,2.1,3.5,0.8,0.2,0.9,5.2
Lindy Waters III,25.0,OKC,SG,41.0,1.7,4.3,0.393,1.4,4.0,0.358,0.75,0.8,0.4,1.4,1.8,0.7,0.3,0.3,0.2,5.2
MarJon Beauchamp,22.0,MIL,SF,52.0,1.8,4.7,0.395,0.9,2.7,0.331,0.485,0.73,0.7,1.5,2.2,0.7,0.4,0.1,0.9,5.1
DeAndre Jordan,34.0,DEN,C,39.0,2.3,2.9,0.765,0.0,0.0,1.0,0.763,0.458,1.3,3.8,5.2,0.9,0.3,0.6,1.2,5.1
John Konchar,26.0,MEM,SF,72.0,1.9,4.4,0.431,0.8,2.5,0.339,0.545,0.778,0.9,3.4,4.3,1.4,1.1,0.3,0.5,5.1
George Hill,36.0,2TM,SG,46.0,1.7,3.6,0.47,0.7,2.1,0.358,0.62,0.764,0.3,1.5,1.8,2.4,0.6,0.1,0.7,5.0
George Hill,36.0,MIL,PG,35.0,1.7,3.8,0.447,0.7,2.1,0.311,0.621,0.739,0.4,1.5,1.9,2.5,0.5,0.1,0.8,5.0
George Hill,36.0,IND,SG,11.0,1.7,3.1,0.559,1.0,1.9,0.524,0.615,0.889,0.2,1.5,1.6,1.9,0.6,0.3,0.6,5.2
Vlatko Čančar,25.0,DEN,PF,60.0,1.8,3.8,0.476,0.7,1.9,0.374,0.58,0.927,0.4,1.7,2.1,1.3,0.4,0.2,0.6,5.0
Isaiah Hartenstein,24.0,NYK,C,82.0,2.1,4.0,0.535,0.1,0.5,0.216,0.576,0.676,2.5,4.0,6.5,1.2,0.6,0.8,0.8,5.0
Jaxson Hayes,22.0,NOP,C,47.0,1.8,3.3,0.551,0.1,0.6,0.103,0.654,0.699,0.8,2.0,2.8,0.7,0.4,0.4,0.7,5.0
Jonathan Isaac,25.0,ORL,PF,11.0,2.0,4.8,0.415,0.5,1.4,0.4,0.421,0.556,1.4,2.6,4.0,0.5,1.3,0.4,0.4,5.0
Derrick Jones Jr.,25.0,CHI,PF,64.0,1.8,3.6,0.5,0.4,1.3,0.338,0.587,0.738,0.9,1.5,2.4,0.5,0.5,0.6,0.4,5.0
Kenneth Lofton Jr.,20.0,MEM,PF,24.0,2.0,3.9,0.527,0.3,0.7,0.353,0.566,0.593,0.8,1.3,2.1,0.8,0.2,0.1,0.5,5.0
Cody Martin,27.0,CHO,SF,7.0,2.0,5.1,0.389,0.4,2.0,0.214,0.5,0.571,1.1,2.3,3.4,1.6,0.6,0.1,0.3,5.0
Sam Merrill,26.0,CLE,SG,5.0,1.8,4.4,0.409,1.0,3.6,0.278,1.0,1.0,0.0,1.8,1.8,1.0,0.8,0.0,0.0,5.0
Blake Wesley,19.0,SAS,SG,37.0,1.9,5.8,0.321,0.5,1.4,0.385,0.301,0.591,0.3,1.9,2.2,2.6,0.7,0.1,1.8,5.0
Ousmane Dieng,19.0,OKC,PF,39.0,1.9,4.6,0.42,0.7,2.5,0.265,0.602,0.652,0.5,2.2,2.7,1.2,0.4,0.2,0.7,4.9
Chimezie Metu,25.0,SAC,PF,66.0,2.0,3.3,0.589,0.1,0.6,0.237,0.663,0.74,0.7,2.3,3.0,0.6,0.3,0.3,0.5,4.9
Austin Rivers,30.0,MIN,SG,52.0,1.8,4.0,0.435,0.8,2.4,0.35,0.558,0.769,0.1,1.5,1.6,1.4,0.5,0.1,0.4,4.9
Danuel House Jr.,29.0,PHI,SF,56.0,1.7,3.5,0.472,0.7,2.0,0.336,0.644,0.75,0.2,1.5,1.7,0.8,0.3,0.2,0.5,4.8
Johnny Juzang,21.0,UTA,SG,18.0,1.9,5.8,0.337,0.8,3.5,0.238,0.488,0.5,0.4,1.7,2.2,0.4,0.2,0.2,0.2,4.8
Meyers Leonard,30.0,MIL,C,9.0,1.6,3.2,0.483,0.8,2.0,0.389,0.636,0.889,1.3,2.4,3.8,0.1,0.2,0.0,0.7,4.8
Garrison Mathews,26.0,2TM,SG,54.0,1.4,3.7,0.363,1.2,3.3,0.35,0.476,0.906,0.2,1.1,1.4,0.5,0.4,0.1,0.4,4.8
Garrison Mathews,26.0,HOU,SG,45.0,1.3,3.8,0.353,1.2,3.4,0.342,0.467,0.911,0.2,1.2,1.4,0.5,0.5,0.1,0.4,4.8
Garrison Mathews,26.0,ATL,SG,9.0,1.4,3.4,0.419,1.1,2.8,0.4,0.5,0.875,0.1,1.1,1.2,0.3,0.1,0.1,0.1,4.8
Moses Moody,20.0,GSW,SG,63.0,1.7,3.6,0.476,0.8,2.1,0.363,0.641,0.698,0.4,1.2,1.7,0.8,0.3,0.1,0.5,4.8
Christian Braun,21.0,DEN,SG,76.0,1.9,3.8,0.495,0.4,1.3,0.354,0.565,0.625,0.6,1.8,2.4,0.8,0.5,0.2,0.5,4.7
Keon Johnson,20.0,POR,SG,40.0,1.7,4.5,0.376,0.7,2.0,0.346,0.402,0.659,0.3,0.8,1.1,1.5,0.5,0.2,1.1,4.7
Chuma Okeke,24.0,ORL,SF,27.0,1.6,4.5,0.352,1.0,3.2,0.302,0.472,0.762,1.0,2.6,3.6,1.4,0.7,0.4,0.6,4.7
Day'Ron Sharpe,21.0,BRK,C,48.0,1.9,3.6,0.544,0.1,0.2,0.545,0.544,0.636,2.1,2.1,4.2,0.8,0.3,0.7,0.9,4.7
Dean Wade,26.0,CLE,PF,44.0,1.7,4.0,0.412,1.0,2.9,0.354,0.56,0.652,0.5,3.0,3.4,0.8,0.6,0.5,0.4,4.7
TyTy Washington Jr.,21.0,HOU,PG,31.0,1.9,5.2,0.363,0.6,2.6,0.238,0.488,0.556,0.1,1.4,1.5,1.5,0.5,0.1,0.5,4.7
Gary Payton II,30.0,2TM,SG,22.0,1.9,3.1,0.594,0.6,1.2,0.5,0.651,0.857,1.1,2.0,3.1,1.4,1.0,0.2,0.7,4.6
Gary Payton II,30.0,POR,SG,15.0,1.6,2.7,0.585,0.6,1.1,0.529,0.625,1.0,0.7,1.9,2.6,1.5,1.1,0.1,0.8,4.1
Gary Payton II,30.0,GSW,SG,7.0,2.4,4.0,0.607,0.6,1.3,0.444,0.684,0.667,2.0,2.3,4.3,1.1,0.9,0.6,0.6,5.7
Dalano Banton,23.0,TOR,PG,31.0,1.8,4.2,0.423,0.5,1.6,0.294,0.506,0.708,0.4,1.1,1.5,1.2,0.4,0.4,0.6,4.6
Dāvis Bertāns,30.0,DAL,PF,45.0,1.5,3.6,0.431,1.2,3.1,0.39,0.737,0.867,0.2,1.0,1.2,0.5,0.2,0.2,0.2,4.6
Malachi Flynn,24.0,TOR,PG,53.0,1.6,4.6,0.36,0.9,2.5,0.353,0.367,0.758,0.3,1.2,1.4,1.3,0.4,0.1,0.5,4.6
Kira Lewis Jr.,21.0,NOP,PG,25.0,1.6,3.5,0.455,0.6,1.4,0.441,0.463,0.864,0.2,1.1,1.3,0.9,0.4,0.1,0.4,4.6
Justin Holiday,33.0,2TM,SF,46.0,1.7,4.4,0.377,1.0,3.1,0.322,0.508,0.625,0.1,1.1,1.2,0.9,0.4,0.4,0.5,4.5
Justin Holiday,33.0,ATL,SF,28.0,1.7,4.5,0.384,1.1,3.1,0.345,0.474,0.0,0.1,0.8,0.8,0.9,0.2,0.4,0.4,4.5
Justin Holiday,33.0,DAL,SF,18.0,1.6,4.4,0.367,0.9,3.1,0.286,0.565,0.625,0.2,1.6,1.8,0.9,0.8,0.5,0.6,4.4
Goga Bitadze,23.0,2TM,C,38.0,1.8,3.3,0.552,0.2,0.7,0.231,0.636,0.548,1.6,2.0,3.6,1.0,0.4,0.7,0.6,4.4
Goga Bitadze,23.0,IND,C,21.0,1.3,2.5,0.519,0.2,0.7,0.286,0.605,0.458,1.2,1.1,2.3,0.9,0.4,0.5,0.6,3.3
Goga Bitadze,23.0,ORL,C,17.0,2.5,4.3,0.575,0.1,0.7,0.167,0.656,0.667,2.1,3.1,5.2,1.2,0.4,0.9,0.6,5.8
Jarrett Culver,23.0,ATL,SF,10.0,1.7,4.3,0.395,0.1,1.2,0.083,0.516,0.692,1.0,2.8,3.8,0.6,0.6,0.2,0.7,4.4
A.J. Green,23.0,MIL,SG,35.0,1.5,3.6,0.424,1.3,3.0,0.419,0.45,1.0,0.2,1.1,1.3,0.6,0.2,0.0,0.3,4.4
Haywood Highsmith,26.0,MIA,PF,54.0,1.7,4.0,0.431,0.7,2.0,0.339,0.523,0.464,1.1,2.4,3.5,0.8,0.7,0.3,0.8,4.4
JaVale McGee,35.0,DAL,C,42.0,1.9,3.0,0.64,0.0,0.1,0.4,0.65,0.585,0.7,1.8,2.5,0.3,0.1,0.6,0.9,4.4
Thaddeus Young,34.0,TOR,PF,54.0,2.0,3.7,0.545,0.1,0.6,0.176,0.622,0.692,1.3,1.8,3.1,1.4,1.0,0.1,0.8,4.4
Omer Yurtseven,24.0,MIA,C,9.0,1.8,3.0,0.593,0.3,0.8,0.429,0.65,0.833,0.9,1.7,2.6,0.2,0.2,0.2,0.4,4.4
Moses Brown,23.0,2TM,C,36.0,1.7,2.7,0.635,0.0,0.0,0.0,0.635,0.458,1.6,2.3,3.9,0.1,0.1,0.4,0.4,4.3
Moses Brown,23.0,LAC,C,34.0,1.8,2.8,0.635,0.0,0.0,0.0,0.635,0.458,1.7,2.4,4.1,0.1,0.1,0.4,0.4,4.6
Moses Brown,23.0,BRK,C,2.0,0.0,0.0,0.0,0.0,0.0,0.0,0.0,0.0,0.0,0.0,0.0,0.0,0.5,0.0,0.5,0.0
Bismack Biyombo,30.0,PHO,C,61.0,2.0,3.4,0.578,0.0,0.0,0.0,0.578,0.357,1.5,2.8,4.3,0.9,0.3,1.4,0.8,4.3
Michael Carter-Williams,31.0,ORL,PG,4.0,1.5,3.5,0.429,0.3,0.8,0.333,0.455,0.571,0.3,1.0,1.3,1.8,0.3,0.3,1.0,4.3
Justin Minaya,23.0,POR,SF,4.0,1.8,5.8,0.304,0.8,3.0,0.25,0.364,0.0,0.8,3.0,3.8,1.0,0.5,1.3,1.0,4.3
Xavier Sneed,25.0,CHO,SF,4.0,1.3,2.5,0.5,0.8,1.5,0.5,0.5,1.0,0.0,1.3,1.3,1.3,0.0,0.3,0.8,4.3
Paul Reed,23.0,PHI,C,69.0,1.8,3.0,0.593,0.0,0.1,0.167,0.606,0.745,1.6,2.2,3.8,0.4,0.7,0.7,0.7,4.2
Admiral Schofield,25.0,ORL,PF,37.0,1.5,3.3,0.451,0.6,2.0,0.324,0.646,0.913,0.6,1.1,1.7,0.8,0.2,0.1,0.4,4.2
Ish Wainright,28.0,PHO,SF,60.0,1.4,3.8,0.37,1.0,2.9,0.329,0.5,0.839,0.8,1.6,2.3,0.9,0.6,0.4,0.4,4.2
McKinley Wright IV,24.0,DAL,PG,27.0,1.7,3.6,0.469,0.3,1.0,0.321,0.529,0.684,0.3,1.4,1.7,2.1,0.3,0.2,0.7,4.2
Matisse Thybulle,25.0,2TM,SF,71.0,1.5,3.6,0.435,0.8,2.1,0.365,0.533,0.679,0.6,1.4,2.0,0.7,1.2,0.5,0.3,4.1
Matisse Thybulle,25.0,PHI,SF,49.0,1.0,2.4,0.431,0.4,1.3,0.333,0.547,0.75,0.4,0.9,1.3,0.5,0.9,0.3,0.2,2.7
Matisse Thybulle,25.0,POR,SG,22.0,2.7,6.2,0.438,1.5,3.9,0.388,0.519,0.625,0.9,2.6,3.5,1.4,1.7,0.8,0.7,7.4
Blake Griffin,33.0,BOS,C,41.0,1.5,3.2,0.485,0.6,1.6,0.348,0.625,0.656,1.1,2.6,3.8,1.5,0.3,0.2,0.5,4.1
Kevon Harris,25.0,ORL,SG,34.0,1.4,3.1,0.439,0.5,1.3,0.372,0.484,0.756,0.8,1.2,2.1,0.5,0.5,0.1,0.6,4.1
Serge Ibaka,33.0,MIL,C,16.0,1.6,3.4,0.481,0.4,1.1,0.333,0.556,0.615,0.9,1.8,2.8,0.3,0.1,0.4,0.7,4.1
Isaiah Roby,24.0,SAS,PF,42.0,1.6,3.7,0.432,0.4,1.4,0.3,0.516,0.488,0.5,2.0,2.5,0.9,0.4,0.2,0.7,4.1
Daishen Nix,20.0,HOU,PG,57.0,1.4,4.2,0.342,0.7,2.5,0.286,0.423,0.667,0.3,1.4,1.7,2.3,0.5,0.1,1.5,4.0
Olivier Sarr,23.0,OKC,C,9.0,1.7,3.3,0.5,0.1,0.9,0.125,0.636,0.714,1.3,2.1,3.4,0.4,0.1,0.6,0.4,4.0
Bruno Fernando,24.0,2TM,C,39.0,1.5,2.9,0.527,0.0,0.1,0.0,0.546,0.7,1.4,2.1,3.5,0.8,0.2,0.9,0.6,3.9
Bruno Fernando,24.0,HOU,C,31.0,1.5,3.0,0.516,0.0,0.0,0.0,0.522,0.682,1.5,2.4,3.9,1.0,0.2,1.0,0.6,4.1
Bruno Fernando,24.0,ATL,C,8.0,1.4,2.4,0.579,0.0,0.4,0.0,0.688,0.833,0.8,1.1,1.9,0.1,0.0,0.4,0.6,3.4
Patrick Baldwin Jr.,20.0,GSW,SF,31.0,1.4,3.5,0.394,1.0,2.7,0.381,0.44,0.667,0.0,1.3,1.3,0.4,0.2,0.1,0.4,3.9
Dominick Barlow,19.0,SAS,PF,28.0,1.6,3.1,0.535,0.0,0.1,0.0,0.561,0.72,1.6,2.0,3.6,0.9,0.4,0.7,0.5,3.9
Gorgui Dieng,33.0,SAS,C,31.0,1.5,3.8,0.385,0.7,2.4,0.28,0.571,0.769,0.9,2.6,3.5,1.7,0.1,0.5,1.0,3.9
Udonis Haslem,42.0,MIA,C,7.0,1.4,4.1,0.345,0.4,1.3,0.333,0.35,0.8,0.6,1.0,1.6,0.0,0.1,0.3,0.1,3.9
Aaron Holiday,26.0,ATL,PG,63.0,1.5,3.5,0.418,0.6,1.4,0.409,0.424,0.844,0.4,0.8,1.2,1.4,0.6,0.2,0.6,3.9
Jabari Walker,20.0,POR,SF,56.0,1.5,3.5,0.419,0.3,1.0,0.286,0.472,0.756,0.9,1.5,2.3,0.6,0.2,0.2,0.5,3.9
Markieff Morris,33.0,2TM,PF,35.0,1.3,3.3,0.409,0.8,2.0,0.394,0.432,1.0,0.4,1.7,2.0,0.9,0.3,0.1,0.5,3.8
Markieff Morris,33.0,BRK,PF,27.0,1.2,3.0,0.402,0.7,1.8,0.408,0.394,1.0,0.5,1.7,2.2,0.9,0.3,0.2,0.5,3.6
Markieff Morris,33.0,DAL,PF,8.0,1.8,4.1,0.424,1.0,2.8,0.364,0.545,0.0,0.0,1.5,1.5,0.8,0.1,0.0,0.5,4.5
Xavier Cooks,27.0,WAS,PF,10.0,1.7,2.8,0.607,0.0,0.1,0.0,0.63,0.4,1.6,2.2,3.8,0.6,0.6,0.4,0.8,3.8
Dyson Daniels,19.0,NOP,PG,59.0,1.5,3.5,0.418,0.5,1.5,0.314,0.492,0.65,0.6,2.6,3.2,2.3,0.7,0.2,1.0,3.8
Darius Days,23.0,HOU,SF,4.0,1.3,3.0,0.417,0.8,2.5,0.3,1.0,1.0,0.3,1.3,1.5,0.3,0.0,0.3,0.0,3.8
Caleb Houstan,20.0,ORL,SF,51.0,1.3,3.6,0.363,0.9,2.7,0.338,0.435,0.833,0.7,1.3,1.9,0.6,0.2,0.1,0.4,3.8
Furkan Korkmaz,25.0,PHI,SG,37.0,1.3,3.0,0.432,0.5,1.2,0.391,0.462,0.722,0.2,1.0,1.1,0.6,0.3,0.1,0.6,3.8
Luke Kornet,27.0,BOS,C,69.0,1.6,2.5,0.665,0.0,0.2,0.231,0.701,0.821,1.2,1.6,2.9,0.8,0.2,0.7,0.4,3.8
JT Thor,20.0,CHO,PF,69.0,1.4,3.4,0.399,0.6,1.8,0.317,0.487,0.702,0.5,1.7,2.2,0.5,0.3,0.3,0.6,3.8
A.J. Lawson,22.0,2TM,SG,15.0,1.5,2.9,0.5,0.7,1.7,0.4,0.632,0.25,0.4,1.0,1.4,0.1,0.1,0.0,0.2,3.7
A.J. Lawson,22.0,MIN,SG,1.0,1.0,1.0,1.0,0.0,0.0,0.0,1.0,0.0,0.0,1.0,1.0,0.0,0.0,0.0,0.0,2.0
A.J. Lawson,22.0,DAL,SG,14.0,1.5,3.1,0.488,0.7,1.8,0.4,0.611,0.25,0.4,1.0,1.4,0.1,0.1,0.0,0.2,3.9
David Duke Jr.,23.0,BRK,SG,23.0,1.6,3.4,0.462,0.0,0.5,0.083,0.53,0.706,0.5,0.8,1.3,0.9,0.4,0.0,0.8,3.7
Nathan Knight,25.0,MIN,C,38.0,1.2,2.1,0.568,0.2,0.6,0.364,0.644,0.684,0.6,0.9,1.5,0.3,0.3,0.2,0.6,3.7
Jordan McLaughlin,26.0,MIN,PG,43.0,1.4,3.4,0.421,0.6,1.8,0.308,0.552,0.833,0.3,1.1,1.4,3.4,0.7,0.1,0.8,3.7
Orlando Robinson,22.0,MIA,C,31.0,1.5,2.9,0.528,0.0,0.2,0.0,0.566,0.71,1.5,2.5,4.1,0.8,0.4,0.4,0.5,3.7
Matt Ryan,25.0,2TM,SF,34.0,1.2,3.2,0.37,0.9,2.5,0.381,0.333,0.833,0.1,0.6,0.8,0.5,0.1,0.0,0.2,3.6
Matt Ryan,25.0,LAL,SF,12.0,1.3,4.1,0.306,1.1,2.9,0.371,0.143,0.8,0.2,1.0,1.2,0.3,0.2,0.0,0.3,3.9
Matt Ryan,25.0,MIN,SF,22.0,1.1,2.7,0.424,0.9,2.2,0.388,0.6,0.857,0.1,0.5,0.5,0.5,0.1,0.0,0.2,3.4
Bryn Forbes,29.0,MIN,SG,25.0,1.2,3.3,0.361,0.6,1.8,0.304,0.432,1.0,0.2,0.4,0.6,0.7,0.3,0.1,0.5,3.6
Damian Jones,27.0,2TM,C,41.0,1.3,2.1,0.64,0.2,0.4,0.588,0.652,0.759,1.0,2.0,3.0,0.4,0.2,0.5,0.6,3.5
Damian Jones,27.0,LAL,C,22.0,0.9,1.7,0.541,0.0,0.1,0.0,0.588,0.75,0.8,1.7,2.5,0.2,0.1,0.5,0.4,2.5
Damian Jones,27.0,UTA,C,19.0,1.8,2.6,0.714,0.5,0.7,0.714,0.714,0.778,1.3,2.3,3.5,0.6,0.3,0.5,0.7,4.6
Udoka Azubuike,23.0,UTA,C,36.0,1.6,2.0,0.819,0.0,0.0,0.0,0.819,0.35,0.9,2.4,3.3,0.3,0.2,0.4,0.5,3.5
Miles McBride,22.0,NYK,PG,64.0,1.2,3.4,0.358,0.6,2.1,0.299,0.457,0.667,0.2,0.6,0.8,1.1,0.6,0.1,0.4,3.5
P.J. Tucker,37.0,PHI,PF,75.0,1.3,3.0,0.427,0.7,1.9,0.393,0.482,0.826,1.3,2.7,3.9,0.8,0.5,0.2,0.6,3.5
Amir Coffey,25.0,LAC,SF,50.0,1.1,2.9,0.386,0.2,0.8,0.275,0.429,0.778,0.3,0.7,1.1,1.1,0.1,0.1,0.4,3.4
Taj Gibson,37.0,WAS,C,49.0,1.3,2.6,0.52,0.2,0.5,0.333,0.564,0.714,0.7,1.2,1.9,0.7,0.3,0.2,0.5,3.4
Kai Jones,22.0,CHO,C,46.0,1.5,2.6,0.558,0.1,0.4,0.211,0.624,0.731,0.8,1.9,2.7,0.3,0.4,0.7,0.7,3.4
Wesley Matthews,36.0,MIL,SF,52.0,1.1,3.1,0.363,0.8,2.4,0.315,0.528,0.857,0.7,1.5,2.2,0.7,0.4,0.3,0.3,3.4
Micah Potter,24.0,UTA,PF,7.0,1.4,2.1,0.667,0.6,1.0,0.571,0.75,0.0,0.4,1.9,2.3,0.6,0.1,0.0,0.3,3.4
Jericho Sims,24.0,NYK,C,52.0,1.6,2.1,0.776,0.0,0.0,0.0,0.783,0.75,1.9,2.8,4.7,0.5,0.3,0.5,0.5,3.4
Anthony Gill,30.0,WAS,PF,59.0,1.2,2.2,0.538,0.1,0.5,0.138,0.65,0.731,0.6,1.1,1.7,0.6,0.1,0.2,0.3,3.3
Boban Marjanović,34.0,HOU,C,31.0,1.3,1.9,0.683,0.0,0.0,0.0,0.695,0.741,0.6,1.3,1.9,0.3,0.2,0.1,0.5,3.3
Raul Neto,30.0,CLE,PG,48.0,1.2,2.3,0.518,0.3,0.9,0.286,0.662,0.912,0.2,0.8,1.0,1.6,0.4,0.1,0.5,3.3
Peyton Watson,20.0,DEN,SG,23.0,1.3,2.6,0.492,0.3,0.6,0.429,0.511,0.55,0.3,1.3,1.6,0.5,0.1,0.5,0.3,3.3
Jared Rhoden,23.0,DET,SG,14.0,1.2,3.1,0.386,0.4,1.4,0.25,0.5,1.0,0.8,1.9,2.6,0.3,0.3,0.1,0.2,3.2
Max Christie,19.0,LAL,SG,41.0,1.1,2.6,0.415,0.6,1.5,0.419,0.409,0.875,0.2,1.7,1.8,0.5,0.2,0.2,0.3,3.1
Jordan Hall,21.0,SAS,SF,9.0,1.0,3.1,0.321,0.3,1.7,0.2,0.462,0.778,0.3,1.0,1.3,1.2,0.1,0.0,0.8,3.1
Richaun Holmes,29.0,SAC,C,42.0,1.3,2.1,0.618,0.1,0.2,0.625,0.617,0.789,0.7,1.2,1.9,0.2,0.1,0.3,0.3,3.1
Christian Koloko,22.0,TOR,C,58.0,1.2,2.6,0.48,0.0,0.2,0.083,0.514,0.627,1.4,1.5,2.9,0.5,0.4,1.0,0.3,3.1
Josh Minott,20.0,MIN,SF,15.0,1.2,2.4,0.5,0.1,0.4,0.333,0.533,1.0,0.3,1.3,1.7,0.3,0.3,0.4,0.2,3.1
Jamaree Bouyea,23.0,2TM,PG,5.0,1.2,2.8,0.429,0.4,1.2,0.333,0.5,0.5,0.2,1.0,1.2,0.8,0.8,0.4,0.8,3.0
Jamaree Bouyea,23.0,MIA,PG,4.0,1.5,3.3,0.462,0.5,1.3,0.4,0.5,0.5,0.3,1.0,1.3,1.0,1.0,0.5,1.0,3.8
Jamaree Bouyea,23.0,WAS,PG,1.0,0.0,1.0,0.0,0.0,1.0,0.0,0.0,0.0,0.0,1.0,1.0,0.0,0.0,0.0,0.0,0.0
Juan Toscano-Anderson,29.0,2TM,SF,52.0,1.2,2.8,0.448,0.2,0.8,0.186,0.56,0.792,0.5,1.8,2.4,1.3,0.3,0.2,0.7,3.0
Juan Toscano-Anderson,29.0,LAL,SF,30.0,1.1,2.2,0.5,0.1,0.7,0.2,0.63,0.733,0.5,1.6,2.0,0.8,0.3,0.2,0.6,2.7
Juan Toscano-Anderson,29.0,UTA,SF,22.0,1.4,3.5,0.403,0.2,1.0,0.174,0.5,0.889,0.6,2.2,2.9,1.8,0.3,0.1,0.8,3.4
Tyler Dorsey,26.0,DAL,SF,3.0,1.3,1.7,0.8,0.3,0.7,0.5,1.0,0.0,0.3,0.3,0.7,0.0,0.0,0.0,0.0,3.0
Usman Garuba,20.0,HOU,C,75.0,1.1,2.4,0.486,0.3,0.8,0.407,0.525,0.617,1.6,2.5,4.1,0.9,0.6,0.4,0.6,3.0
Jacob Gilyard,24.0,MEM,PG,1.0,1.0,3.0,0.333,1.0,3.0,0.333,0.0,0.0,0.0,4.0,4.0,7.0,3.0,0.0,2.0,3.0
Jake LaRavia,21.0,MEM,PF,35.0,1.1,2.7,0.389,0.7,2.0,0.338,0.542,0.778,0.5,1.3,1.8,0.6,0.3,0.1,0.5,3.0
Robin Lopez,34.0,CLE,C,37.0,1.3,2.0,0.64,0.1,0.1,0.5,0.648,0.778,0.6,0.8,1.4,0.5,0.1,0.2,0.7,3.0
Trevelin Queen,25.0,IND,SG,7.0,1.0,4.1,0.241,0.3,2.1,0.133,0.357,1.0,1.1,1.3,2.4,0.9,0.3,0.7,1.0,3.0
Terry Taylor,23.0,2TM,PF,31.0,1.3,2.4,0.52,0.2,0.6,0.263,0.607,0.545,0.9,0.6,1.5,0.3,0.1,0.2,0.3,2.9
Terry Taylor,23.0,IND,PF,26.0,1.2,2.5,0.462,0.2,0.7,0.222,0.553,0.714,0.8,0.7,1.5,0.4,0.1,0.2,0.3,2.7
Terry Taylor,23.0,CHI,PF,5.0,1.8,2.0,0.9,0.2,0.2,1.0,0.889,0.25,1.0,0.6,1.6,0.0,0.0,0.2,0.0,4.0
Dru Smith,25.0,2TM,SG,15.0,1.2,3.0,0.4,0.3,1.3,0.263,0.5,1.0,0.1,1.5,1.6,1.5,0.7,0.3,0.2,2.9
Dru Smith,25.0,MIA,SG,5.0,1.0,2.8,0.357,0.2,1.2,0.167,0.5,0.0,0.2,1.6,1.8,1.0,0.8,0.6,0.2,2.2
Dru Smith,25.0,BRK,SG,10.0,1.3,3.1,0.419,0.4,1.3,0.308,0.5,1.0,0.1,1.4,1.5,1.7,0.6,0.1,0.2,3.3
Juancho Hernangómez,27.0,TOR,PF,42.0,1.1,2.7,0.421,0.4,1.6,0.254,0.66,0.563,0.6,2.3,2.9,0.6,0.4,0.1,0.4,2.9
Carlik Jones,25.0,CHI,PG,7.0,0.9,2.1,0.4,0.4,0.9,0.5,0.333,0.625,0.1,0.6,0.7,0.9,0.3,0.0,0.3,2.9
Frank Ntilikina,24.0,DAL,SG,47.0,1.0,2.8,0.364,0.4,1.4,0.254,0.477,0.667,0.1,1.2,1.3,1.2,0.3,0.1,0.6,2.9
Jason Preston,23.0,LAC,PG,14.0,1.3,2.9,0.439,0.4,1.3,0.278,0.565,0.0,0.1,1.4,1.6,1.9,0.1,0.0,0.7,2.9
Kessler Edwards,22.0,2TM,SF,36.0,1.0,2.6,0.387,0.5,1.5,0.309,0.5,0.733,0.6,1.1,1.7,0.6,0.4,0.2,0.4,2.8
Kessler Edwards,22.0,BRK,SF,14.0,0.4,1.7,0.25,0.1,0.9,0.167,0.333,0.5,0.4,0.6,1.0,0.1,0.2,0.1,0.3,1.1
Kessler Edwards,22.0,SAC,SF,22.0,1.4,3.1,0.435,0.7,2.0,0.349,0.577,0.769,0.8,1.4,2.1,1.0,0.5,0.2,0.4,3.9
James Johnson,35.0,IND,PF,18.0,1.2,2.7,0.449,0.2,0.8,0.2,0.559,0.5,0.2,1.4,1.7,0.8,0.4,0.3,0.4,2.8
Moussa Diabaté,21.0,LAC,C,22.0,1.1,2.1,0.511,0.0,0.1,0.5,0.511,0.625,1.4,0.9,2.3,0.2,0.3,0.4,0.4,2.7
Mamadi Diakite,26.0,CLE,C,22.0,1.1,2.3,0.48,0.3,1.0,0.333,0.586,1.0,0.4,1.0,1.4,0.4,0.2,0.4,0.5,2.6
Isaiah Mobley,23.0,CLE,PF,12.0,1.0,2.3,0.429,0.3,0.7,0.375,0.45,1.0,0.3,1.3,1.7,0.3,0.3,0.3,0.1,2.6
Jaden Springer,20.0,PHI,SG,16.0,1.1,2.2,0.486,0.1,0.3,0.4,0.5,0.75,0.4,0.5,0.9,0.5,0.4,0.2,0.2,2.6
Frank Kaminsky,29.0,2TM,C,36.0,0.9,1.8,0.492,0.4,0.9,0.394,0.6,0.875,0.2,1.3,1.4,0.9,0.2,0.1,0.3,2.5
Frank Kaminsky,29.0,ATL,C,26.0,1.0,1.7,0.568,0.4,0.9,0.478,0.667,0.833,0.1,1.3,1.4,0.8,0.2,0.0,0.3,2.7
Frank Kaminsky,29.0,HOU,C,10.0,0.6,1.9,0.316,0.2,1.0,0.2,0.444,1.0,0.4,1.2,1.6,1.1,0.1,0.3,0.0,1.8
Lester Quiñones,22.0,GSW,SG,4.0,0.5,1.3,0.4,0.5,1.0,0.5,0.0,0.667,0.3,0.5,0.8,0.5,0.3,0.0,1.3,2.5
Ish Smith,34.0,DEN,PG,43.0,1.2,3.0,0.397,0.0,0.3,0.167,0.42,0.5,0.1,1.1,1.3,2.3,0.2,0.2,1.0,2.5
John Butler,20.0,POR,C,19.0,0.9,2.8,0.321,0.4,1.8,0.229,0.5,0.75,0.2,0.7,0.9,0.6,0.4,0.5,0.1,2.4
Jeff Dowtin,25.0,TOR,PG,25.0,1.0,2.3,0.439,0.2,0.6,0.313,0.488,0.667,0.2,0.7,0.9,1.2,0.4,0.1,0.2,2.4
Theo Pinson,27.0,DAL,SG,40.0,0.8,2.2,0.356,0.6,1.6,0.355,0.36,0.846,0.3,1.3,1.6,1.2,0.2,0.0,0.3,2.4
Neemias Queta,23.0,SAC,C,5.0,1.2,1.8,0.667,0.0,0.0,0.0,0.667,0.0,1.0,1.2,2.2,0.2,0.0,0.4,0.2,2.4
Trent Forrest,24.0,ATL,SG,23.0,1.1,2.6,0.417,0.0,0.1,0.0,0.431,0.667,0.2,1.4,1.6,1.7,0.3,0.1,0.7,2.3
Scotty Pippen Jr.,22.0,LAL,PG,6.0,0.7,2.0,0.333,0.2,0.5,0.333,0.333,0.556,0.3,0.3,0.7,0.3,0.3,0.2,0.3,2.3
Justin Champagnie,21.0,2TM,SF,5.0,1.0,3.0,0.333,0.2,1.0,0.2,0.4,0.0,0.6,1.0,1.6,0.8,0.2,0.0,0.0,2.2
Justin Champagnie,21.0,TOR,SF,3.0,1.0,1.0,1.0,0.0,0.0,0.0,1.0,0.0,0.3,1.0,1.3,0.3,0.0,0.0,0.0,2.0
Justin Champagnie,21.0,BOS,SF,2.0,1.0,6.0,0.167,0.5,2.5,0.2,0.143,0.0,1.0,1.0,2.0,1.5,0.5,0.0,0.0,2.5
Khem Birch,30.0,TOR,C,20.0,1.0,1.6,0.594,0.1,0.1,0.5,0.6,0.8,0.4,0.9,1.3,0.4,0.3,0.3,0.4,2.2
Kennedy Chandler,20.0,MEM,PG,36.0,1.0,2.3,0.422,0.1,0.4,0.133,0.485,0.462,0.3,0.8,1.1,1.6,0.3,0.1,0.5,2.2
Ron Harper Jr.,22.0,TOR,PF,9.0,0.9,1.8,0.5,0.3,1.0,0.333,0.714,1.0,0.3,0.4,0.8,0.4,0.0,0.1,0.0,2.2
Dalen Terry,20.0,CHI,SG,38.0,0.8,1.9,0.444,0.2,0.7,0.259,0.556,0.667,0.3,0.7,1.0,0.6,0.3,0.1,0.2,2.2
Nerlens Noel,28.0,2TM,C,17.0,0.8,2.1,0.361,0.1,0.1,0.5,0.353,0.667,0.6,2.1,2.7,0.6,0.9,0.6,0.8,2.1
Nerlens Noel,28.0,DET,C,14.0,0.9,2.1,0.4,0.1,0.1,0.5,0.393,0.7,0.5,2.1,2.6,0.5,0.9,0.6,0.6,2.3
Nerlens Noel,28.0,BRK,C,3.0,0.3,2.0,0.167,0.0,0.0,0.0,0.167,0.5,1.0,2.0,3.0,1.0,1.0,0.3,1.7,1.0
Davon Reed,27.0,2TM,SG,43.0,0.7,2.0,0.333,0.4,1.1,0.37,0.289,0.667,0.2,1.1,1.4,0.5,0.3,0.1,0.5,2.1
Davon Reed,27.0,DEN,SG,35.0,0.7,2.3,0.313,0.5,1.3,0.364,0.25,0.75,0.3,1.3,1.6,0.5,0.4,0.1,0.6,2.3
Davon Reed,27.0,LAL,SG,8.0,0.4,0.5,0.75,0.1,0.3,0.5,1.0,0.25,0.1,0.4,0.5,0.5,0.3,0.0,0.0,1.0
Andre Iguodala,39.0,GSW,PF,8.0,0.9,1.9,0.467,0.1,1.1,0.111,1.0,0.667,0.4,1.8,2.1,2.4,0.5,0.4,1.1,2.1
Chris Silva,26.0,DAL,PF,1.0,1.0,1.0,1.0,0.0,0.0,0.0,1.0,0.0,0.0,0.0,0.0,0.0,0.0,0.0,1.0,2.0
Garrett Temple,36.0,NOP,SG,25.0,0.7,1.8,0.4,0.4,1.0,0.423,0.368,0.75,0.2,0.5,0.7,0.5,0.4,0.1,0.2,2.0
Stanley Umude,23.0,DET,SG,1.0,0.0,1.0,0.0,0.0,1.0,0.0,0.0,1.0,0.0,0.0,0.0,0.0,1.0,1.0,0.0,2.0
Donovan Williams,21.0,ATL,SG,2.0,1.0,2.5,0.4,0.0,1.0,0.0,0.667,0.0,0.0,1.0,1.0,0.0,0.0,0.0,0.0,2.0
Vince Williams Jr.,22.0,MEM,SG,15.0,0.8,2.7,0.3,0.3,1.9,0.143,0.667,1.0,0.3,0.7,1.0,0.3,0.4,0.1,0.3,2.0
Ryan Rollins,20.0,GSW,PG,12.0,0.6,1.7,0.35,0.3,0.8,0.333,0.364,1.0,0.3,0.8,1.0,0.5,0.1,0.1,1.3,1.9
Greg Brown III,21.0,POR,PF,16.0,0.7,1.8,0.393,0.1,0.4,0.143,0.476,0.417,0.1,1.1,1.2,0.2,0.3,0.3,0.4,1.8
Trevor Hudgins,23.0,HOU,PG,5.0,0.4,1.8,0.222,0.4,1.6,0.25,0.0,1.0,0.0,0.0,0.0,0.6,0.0,0.0,0.2,1.8
Alize Johnson,26.0,SAS,PF,4.0,0.8,1.5,0.5,0.0,0.5,0.0,0.75,0.5,0.5,2.0,2.5,0.3,0.3,0.0,1.0,1.8
Xavier Moon,28.0,LAC,SG,4.0,0.8,2.3,0.333,0.3,0.8,0.333,0.333,0.0,0.0,0.8,0.8,1.3,0.0,0.0,0.3,1.8
Alex Len,29.0,SAC,C,26.0,0.6,1.2,0.533,0.0,0.1,0.0,0.571,0.688,0.9,1.4,2.3,0.5,0.2,0.4,0.6,1.7
Dylan Windler,26.0,CLE,SF,3.0,0.7,1.0,0.667,0.3,0.7,0.5,1.0,0.0,0.0,0.0,0.0,0.3,0.3,0.0,0.3,1.7
Buddy Boeheim,23.0,DET,SF,10.0,0.5,2.7,0.185,0.4,2.5,0.16,0.5,1.0,0.2,0.4,0.6,0.4,0.2,0.0,0.0,1.6
Tony Bradley,25.0,CHI,C,12.0,0.5,1.0,0.5,0.3,0.4,0.6,0.429,1.0,0.1,0.8,0.9,0.1,0.1,0.1,0.1,1.6
JD Davison,20.0,BOS,SG,12.0,0.7,1.6,0.421,0.2,0.6,0.286,0.5,0.5,0.2,0.6,0.8,0.9,0.2,0.2,0.3,1.6
Kendall Brown,19.0,IND,SG,6.0,0.7,1.2,0.571,0.0,0.2,0.0,0.667,0.5,0.3,0.7,1.0,0.5,0.7,0.0,0.3,1.5
Matthew Dellavedova,32.0,SAC,PG,32.0,0.5,1.6,0.34,0.3,0.8,0.333,0.348,0.571,0.0,0.4,0.4,1.3,0.2,0.0,0.3,1.5
Keon Ellis,23.0,SAC,SG,16.0,0.4,1.0,0.438,0.4,0.8,0.5,0.25,0.571,0.3,0.3,0.5,0.4,0.3,0.1,0.1,1.5
Mfiondu Kabengele,25.0,BOS,PF,4.0,0.5,1.8,0.286,0.0,0.8,0.0,0.5,1.0,1.3,1.3,2.5,0.0,0.5,0.0,0.3,1.5
Jordan Schakel,24.0,WAS,SF,2.0,0.5,1.0,0.5,0.5,0.5,1.0,0.0,0.0,0.0,0.0,0.0,0.5,0.5,0.0,0.0,1.5
Isaiah Todd,21.0,WAS,PF,6.0,0.5,3.2,0.158,0.2,1.7,0.1,0.222,1.0,0.3,1.7,2.0,0.7,0.2,0.0,0.3,1.5
Thanasis Antetokounmpo,30.0,MIL,PF,37.0,0.5,1.2,0.435,0.0,0.2,0.0,0.526,0.5,0.4,0.8,1.2,0.4,0.1,0.1,0.3,1.4
PJ Dozier,26.0,SAC,SF,16.0,0.6,2.1,0.303,0.1,1.0,0.125,0.471,0.0,0.1,0.8,0.9,0.6,0.4,0.1,0.3,1.4
Wendell Moore Jr.,21.0,MIN,SG,29.0,0.6,1.5,0.419,0.1,0.6,0.118,0.615,0.8,0.1,0.5,0.6,0.6,0.3,0.2,0.3,1.4
Ryan Arcidiacono,28.0,2TM,PG,20.0,0.5,1.9,0.243,0.4,1.2,0.348,0.071,0.0,0.0,0.8,0.8,1.2,0.3,0.0,0.4,1.3
Ryan Arcidiacono,28.0,NYK,PG,11.0,0.1,0.5,0.2,0.1,0.3,0.333,0.0,0.0,0.0,0.4,0.4,0.2,0.2,0.0,0.1,0.3
Ryan Arcidiacono,28.0,POR,PG,9.0,0.9,3.6,0.25,0.8,2.2,0.35,0.083,0.0,0.0,1.2,1.2,2.3,0.3,0.0,0.7,2.6
Facundo Campazzo,31.0,DAL,PG,8.0,0.4,1.6,0.231,0.4,1.4,0.273,0.0,0.5,0.0,0.3,0.3,1.1,0.8,0.0,0.4,1.3
Braxton Key,25.0,DET,SF,3.0,0.3,0.3,1.0,0.0,0.0,0.0,1.0,1.0,0.0,0.3,0.3,0.0,0.0,0.0,0.0,1.3
Tyrese Martin,23.0,ATL,SG,16.0,0.6,1.4,0.391,0.1,0.4,0.143,0.5,1.0,0.3,0.4,0.8,0.1,0.1,0.0,0.1,1.3
KZ Okpala,23.0,SAC,PF,35.0,0.5,1.1,0.421,0.2,0.6,0.333,0.529,0.875,0.2,0.8,1.0,0.4,0.2,0.2,0.2,1.3
Cole Swider,23.0,LAL,SF,7.0,0.4,1.3,0.333,0.4,1.1,0.375,0.0,0.0,0.1,0.9,1.0,0.6,0.0,0.0,0.0,1.3
Vit Krejci,22.0,ATL,PG,29.0,0.5,1.3,0.405,0.2,0.7,0.238,0.625,0.5,0.2,0.7,0.9,0.6,0.2,0.0,0.2,1.2
Jack White,25.0,DEN,SF,17.0,0.5,1.1,0.421,0.2,0.5,0.333,0.5,0.667,0.4,0.6,1.0,0.2,0.2,0.1,0.1,1.2
Noah Vonleh,27.0,BOS,C,23.0,0.5,1.0,0.458,0.0,0.2,0.25,0.5,1.0,0.8,1.3,2.1,0.3,0.1,0.3,0.5,1.1
Malcolm Hill,27.0,CHI,SF,5.0,0.4,0.8,0.5,0.2,0.6,0.333,1.0,0.0,0.0,0.6,0.6,0.0,0.0,0.0,0.0,1.0
Trevor Keels,19.0,NYK,SG,3.0,0.3,1.3,0.25,0.3,1.3,0.25,0.0,0.0,0.0,0.7,0.7,0.0,0.0,0.0,0.0,1.0
Chima Moneke,27.0,SAC,SF,2.0,0.5,1.0,0.5,0.0,0.0,0.0,0.5,0.0,1.0,0.0,1.0,0.5,0.0,0.0,1.0,1.0
Kobi Simmons,25.0,CHO,SG,5.0,0.2,1.2,0.167,0.2,1.0,0.2,0.0,1.0,0.2,0.6,0.8,1.0,0.0,0.4,0.2,1.0
Joe Wieskamp,23.0,TOR,SF,9.0,0.3,1.6,0.214,0.3,1.3,0.25,0.0,0.0,0.0,0.4,0.4,0.3,0.0,0.0,0.1,1.0
Justin Jackson,27.0,BOS,SF,23.0,0.3,1.2,0.259,0.2,0.9,0.25,0.286,0.5,0.1,0.7,0.7,0.4,0.2,0.2,0.1,0.9
Marko Simonovic,23.0,CHI,C,7.0,0.3,1.0,0.286,0.1,0.6,0.25,0.333,0.5,0.1,0.1,0.3,0.0,0.0,0.0,0.0,0.9
Dereon Seabron,22.0,NOP,SG,5.0,0.4,1.0,0.4,0.0,0.0,0.0,0.4,0.0,0.2,0.0,0.2,0.0,0.0,0.0,0.0,0.8
Vernon Carey Jr.,21.0,WAS,C,11.0,0.2,0.7,0.25,0.0,0.0,0.0,0.25,1.0,0.3,0.7,1.0,0.3,0.2,0.2,0.2,0.5
Devon Dotson,23.0,WAS,PG,6.0,0.2,1.7,0.1,0.2,0.7,0.25,0.0,0.0,1.0,0.7,1.7,1.3,0.8,0.0,0.5,0.5
Leandro Bolmaro,22.0,UTA,SF,14.0,0.2,1.4,0.15,0.0,0.3,0.0,0.188,0.0,0.3,0.2,0.5,0.5,0.2,0.1,0.5,0.4
Sterling Brown,27.0,LAL,SF,4.0,0.0,1.0,0.0,0.0,0.5,0.0,0.0,0.0,0.8,1.3,2.0,0.5,0.8,0.0,0.0,0.0
Deonte Burton,29.0,SAC,PF,2.0,0.0,1.0,0.0,0.0,0.5,0.0,0.0,0.0,0.0,0.0,0.0,0.0,0.0,0.0,0.0,0.0
Michael Foster Jr.,20.0,PHI,PF,1.0,0.0,0.0,0.0,0.0,0.0,0.0,0.0,0.0,0.0,0.0,0.0,0.0,0.0,0.0,0.0,0.0
Frank Jackson,24.0,UTA,PG,1.0,0.0,3.0,0.0,0.0,1.0,0.0,0.0,0.0,1.0,1.0,2.0,1.0,0.0,0.0,0.0,0.0
Alondes Williams,23.0,BRK,SG,1.0,0.0,0.0,0.0,0.0,0.0,0.0,0.0,0.0,0.0,1.0,1.0,0.0,0.0,0.0,2.0,0.0
League Average,0.0,0,0,0.0,0.0,0.0,0.475,0.0,0.0,0.361,0.548,0.782,0.0,0.0,0.0,0.0,0.0,0.0,0.0,0.0
